file,line,column,type,code,message,docs,severity,link
imagina-updater-server.php,0,0,WARNING,plugin_header_nonexistent_domain_path,"La cabecera «Domain Path» en el archivo del plugin debe apuntar a una carpeta existente. Encontrado: «languages»",https://developer.wordpress.org/plugins/internationalization/how-to-internationalize-your-plugin/#domain-path,6,
imagina-updater-server.php,116,9,ERROR,PluginCheck.CodeAnalysis.DiscouragedFunctions.load_plugin_textdomainFound,"load_plugin_textdomain() has been discouraged since WordPress version 4.6. Cuando tu plugin está alojado en WordPress.org, ya no necesitas incluir manualmente esta llamada a la función de traducción en el slug de tu plugin. WordPress cargará automáticamente las traducciones cuando sea necesario.",https://make.wordpress.org/core/2016/07/06/i18n-improvements-in-4-6/,7,
README.md,0,0,ERROR,outdated_tested_upto_header,"Probado hasta: 6.4 < 6.9. El valor «Tested up to» de tu plugin no está establecido a la versión actual de WordPress. Esto significa que tu plugin no se mostrará en las búsquedas, ya que requerimos que los plugins sean compatibles y esté documentado que están probados en la versión más reciente de WordPress.",https://developer.wordpress.org/plugins/wordpress-org/how-your-readme-txt-works/#readme-header-information,7,
README.md,0,0,ERROR,readme_short_description_non_official_language,"La descripción corta del readme contiene un idioma no oficial. Debe estar escrita en inglés estándar.",https://make.wordpress.org/plugins/2025/07/28/requiring-the-readme-to-be-written-in-english/,6,
README.md,0,0,ERROR,readme_description_non_official_language,"La descripción del readme contiene un idioma no oficial. Debe estar escrita en inglés estándar.",https://make.wordpress.org/plugins/2025/07/28/requiring-the-readme-to-be-written-in-english/,6,
admin/class-admin.php,562,51,WARNING,WordPress.Security.ValidatedSanitizedInput.InputNotValidated,"Detected usage of a possibly undefined superglobal array index: $_FILES[&#039;plugin_file&#039;][&#039;error&#039;]. Check that the array index exists before using it.",,5,
admin/class-admin.php,569,29,WARNING,WordPress.Security.ValidatedSanitizedInput.InputNotValidated,"Detected usage of a possibly undefined superglobal array index: $_FILES[&#039;plugin_file&#039;][&#039;error&#039;]. Check that the array index exists before using it.",,5,
admin/class-admin.php,600,76,WARNING,WordPress.Security.ValidatedSanitizedInput.InputNotSanitized,"Detected usage of a non-sanitized input variable: $_FILES[&#039;plugin_file&#039;]",,5,
admin/class-admin.php,891,26,WARNING,WordPress.DB.DirectDatabaseQuery.DirectQuery,"Use of a direct database call is discouraged.",,5,
admin/class-admin.php,891,26,WARNING,WordPress.DB.DirectDatabaseQuery.NoCaching,"Direct database call without caching detected. Consider using wp_cache_get() / wp_cache_set() or wp_cache_delete().",,5,
admin/class-admin.php,892,27,WARNING,WordPress.DB.DirectDatabaseQuery.DirectQuery,"Use of a direct database call is discouraged.",,5,
admin/class-admin.php,892,27,WARNING,WordPress.DB.DirectDatabaseQuery.NoCaching,"Direct database call without caching detected. Consider using wp_cache_get() / wp_cache_set() or wp_cache_delete().",,5,
admin/class-admin.php,893,36,WARNING,WordPress.DB.DirectDatabaseQuery.DirectQuery,"Use of a direct database call is discouraged.",,5,
admin/class-admin.php,893,36,WARNING,WordPress.DB.DirectDatabaseQuery.NoCaching,"Direct database call without caching detected. Consider using wp_cache_get() / wp_cache_set() or wp_cache_delete().",,5,
admin/class-admin.php,894,28,WARNING,WordPress.DB.DirectDatabaseQuery.DirectQuery,"Use of a direct database call is discouraged.",,5,
admin/class-admin.php,894,28,WARNING,WordPress.DB.DirectDatabaseQuery.NoCaching,"Direct database call without caching detected. Consider using wp_cache_get() / wp_cache_set() or wp_cache_delete().",,5,
admin/class-admin.php,897,25,WARNING,WordPress.DB.DirectDatabaseQuery.DirectQuery,"Use of a direct database call is discouraged.",,5,
admin/class-admin.php,897,25,WARNING,WordPress.DB.DirectDatabaseQuery.NoCaching,"Direct database call without caching detected. Consider using wp_cache_get() / wp_cache_set() or wp_cache_delete().",,5,
admin/class-admin.php,898,30,WARNING,WordPress.DB.DirectDatabaseQuery.DirectQuery,"Use of a direct database call is discouraged.",,5,
admin/class-admin.php,898,30,WARNING,WordPress.DB.DirectDatabaseQuery.NoCaching,"Direct database call without caching detected. Consider using wp_cache_get() / wp_cache_set() or wp_cache_delete().",,5,
admin/class-admin.php,901,27,WARNING,WordPress.DB.DirectDatabaseQuery.DirectQuery,"Use of a direct database call is discouraged.",,5,
admin/class-admin.php,901,27,WARNING,WordPress.DB.DirectDatabaseQuery.NoCaching,"Direct database call without caching detected. Consider using wp_cache_get() / wp_cache_set() or wp_cache_delete().",,5,
admin/class-admin.php,902,28,WARNING,WordPress.DB.DirectDatabaseQuery.DirectQuery,"Use of a direct database call is discouraged.",,5,
admin/class-admin.php,902,28,WARNING,WordPress.DB.DirectDatabaseQuery.NoCaching,"Direct database call without caching detected. Consider using wp_cache_get() / wp_cache_set() or wp_cache_delete().",,5,
admin/class-admin.php,905,28,WARNING,WordPress.DB.DirectDatabaseQuery.DirectQuery,"Use of a direct database call is discouraged.",,5,
admin/class-admin.php,905,28,WARNING,WordPress.DB.DirectDatabaseQuery.NoCaching,"Direct database call without caching detected. Consider using wp_cache_get() / wp_cache_set() or wp_cache_delete().",,5,
admin/class-admin.php,915,34,WARNING,WordPress.DB.DirectDatabaseQuery.DirectQuery,"Use of a direct database call is discouraged.",,5,
admin/class-admin.php,915,34,WARNING,WordPress.DB.DirectDatabaseQuery.NoCaching,"Direct database call without caching detected. Consider using wp_cache_get() / wp_cache_set() or wp_cache_delete().",,5,
admin/class-admin.php,920,49,WARNING,WordPress.DB.DirectDatabaseQuery.DirectQuery,"Use of a direct database call is discouraged.",,5,
admin/class-admin.php,920,49,WARNING,WordPress.DB.DirectDatabaseQuery.NoCaching,"Direct database call without caching detected. Consider using wp_cache_get() / wp_cache_set() or wp_cache_delete().",,5,
admin/class-admin.php,925,17,WARNING,WordPress.DB.DirectDatabaseQuery.DirectQuery,"Use of a direct database call is discouraged.",,5,
admin/class-admin.php,925,17,WARNING,WordPress.DB.DirectDatabaseQuery.NoCaching,"Direct database call without caching detected. Consider using wp_cache_get() / wp_cache_set() or wp_cache_delete().",,5,
admin/class-admin.php,925,24,WARNING,PluginCheck.Security.DirectDB.UnescapedDBParameter,"Unescaped parameter $table_licenses used in $wpdb-&gt;get_var(&quot;SHOW TABLES LIKE &#039;$table_licenses&#039;&quot;)\n$table_licenses assigned unsafely at line 924:\n $table_licenses = $wpdb-&gt;prefix . &#039;imagina_license_keys&#039;",,5,
admin/class-admin.php,925,32,WARNING,WordPress.DB.PreparedSQL.InterpolatedNotPrepared,"Use placeholders and $wpdb-&gt;prepare(); found interpolated variable $table_licenses at &quot;SHOW TABLES LIKE &#039;$table_licenses&#039;&quot;",,5,
admin/class-admin.php,926,59,WARNING,PluginCheck.Security.DirectDB.UnescapedDBParameter,"Unescaped parameter $table_licenses used in $wpdb-&gt;get_var(&quot;SELECT COUNT(*) FROM $table_licenses&quot;)\n$table_licenses assigned unsafely at line 924:\n $table_licenses = $wpdb-&gt;prefix . &#039;imagina_license_keys&#039;\n$license_stats[&#039;total_licenses&#039;] assigned unsafely at line 926:\n $license_stats[&#039;total_licenses&#039;] = $wpdb-&gt;get_var(&quot;SELECT COUNT(*) FROM $table_licenses&quot;)",,5,
admin/class-admin.php,926,67,WARNING,WordPress.DB.PreparedSQL.InterpolatedNotPrepared,"Use placeholders and $wpdb-&gt;prepare(); found interpolated variable $table_licenses at &quot;SELECT COUNT(*) FROM $table_licenses&quot;",,5,
admin/class-admin.php,927,53,WARNING,WordPress.DB.DirectDatabaseQuery.DirectQuery,"Use of a direct database call is discouraged.",,5,
admin/class-admin.php,927,53,WARNING,WordPress.DB.DirectDatabaseQuery.NoCaching,"Direct database call without caching detected. Consider using wp_cache_get() / wp_cache_set() or wp_cache_delete().",,5,
admin/class-admin.php,927,60,WARNING,PluginCheck.Security.DirectDB.UnescapedDBParameter,"Unescaped parameter $table_licenses used in $wpdb-&gt;get_var(&quot;SELECT COUNT(*) FROM $table_licenses WHERE status = &#039;active&#039;&quot;)\n$table_licenses assigned unsafely at line 924:\n $table_licenses = $wpdb-&gt;prefix . &#039;imagina_license_keys&#039;\n$license_stats[&#039;total_licenses&#039;] assigned unsafely at line 926:\n $license_stats[&#039;total_licenses&#039;] = $wpdb-&gt;get_var(&quot;SELECT COUNT(*) FROM $table_licenses&quot;)",,5,
admin/class-admin.php,927,68,WARNING,WordPress.DB.PreparedSQL.InterpolatedNotPrepared,"Use placeholders and $wpdb-&gt;prepare(); found interpolated variable $table_licenses at &quot;SELECT COUNT(*) FROM $table_licenses WHERE status = &#039;active&#039;&quot;",,5,
admin/class-admin.php,928,54,WARNING,WordPress.DB.DirectDatabaseQuery.DirectQuery,"Use of a direct database call is discouraged.",,5,
admin/class-admin.php,928,54,WARNING,WordPress.DB.DirectDatabaseQuery.NoCaching,"Direct database call without caching detected. Consider using wp_cache_get() / wp_cache_set() or wp_cache_delete().",,5,
admin/class-admin.php,928,61,WARNING,PluginCheck.Security.DirectDB.UnescapedDBParameter,"Unescaped parameter $table_licenses used in $wpdb-&gt;get_var(&quot;SELECT COUNT(*) FROM $table_licenses WHERE status = &#039;expired&#039;&quot;)\n$table_licenses assigned unsafely at line 924:\n $table_licenses = $wpdb-&gt;prefix . &#039;imagina_license_keys&#039;\n$license_stats[&#039;total_licenses&#039;] assigned unsafely at line 926:\n $license_stats[&#039;total_licenses&#039;] = $wpdb-&gt;get_var(&quot;SELECT COUNT(*) FROM $table_licenses&quot;)",,5,
admin/class-admin.php,928,69,WARNING,WordPress.DB.PreparedSQL.InterpolatedNotPrepared,"Use placeholders and $wpdb-&gt;prepare(); found interpolated variable $table_licenses at &quot;SELECT COUNT(*) FROM $table_licenses WHERE status = &#039;expired&#039;&quot;",,5,
admin/class-admin.php,929,54,WARNING,WordPress.DB.DirectDatabaseQuery.DirectQuery,"Use of a direct database call is discouraged.",,5,
admin/class-admin.php,929,54,WARNING,WordPress.DB.DirectDatabaseQuery.NoCaching,"Direct database call without caching detected. Consider using wp_cache_get() / wp_cache_set() or wp_cache_delete().",,5,
admin/class-admin.php,929,61,WARNING,PluginCheck.Security.DirectDB.UnescapedDBParameter,"Unescaped parameter $table_licenses used in $wpdb-&gt;get_var(&quot;SELECT COUNT(*) FROM $table_licenses WHERE status = &#039;revoked&#039;&quot;)\n$table_licenses assigned unsafely at line 924:\n $table_licenses = $wpdb-&gt;prefix . &#039;imagina_license_keys&#039;\n$license_stats[&#039;total_licenses&#039;] assigned unsafely at line 926:\n $license_stats[&#039;total_licenses&#039;] = $wpdb-&gt;get_var(&quot;SELECT COUNT(*) FROM $table_licenses&quot;)",,5,
admin/class-admin.php,929,69,WARNING,WordPress.DB.PreparedSQL.InterpolatedNotPrepared,"Use placeholders and $wpdb-&gt;prepare(); found interpolated variable $table_licenses at &quot;SELECT COUNT(*) FROM $table_licenses WHERE status = &#039;revoked&#039;&quot;",,5,
admin/class-admin.php,933,21,WARNING,WordPress.DB.DirectDatabaseQuery.DirectQuery,"Use of a direct database call is discouraged.",,5,
admin/class-admin.php,933,21,WARNING,WordPress.DB.DirectDatabaseQuery.NoCaching,"Direct database call without caching detected. Consider using wp_cache_get() / wp_cache_set() or wp_cache_delete().",,5,
admin/class-admin.php,933,28,WARNING,PluginCheck.Security.DirectDB.UnescapedDBParameter,"Unescaped parameter $table_activations used in $wpdb-&gt;get_var(&quot;SHOW TABLES LIKE &#039;$table_activations&#039;&quot;)\n$table_activations assigned unsafely at line 932:\n $table_activations = $wpdb-&gt;prefix . &#039;imagina_license_activations&#039;",,5,
admin/class-admin.php,933,36,WARNING,WordPress.DB.PreparedSQL.InterpolatedNotPrepared,"Use placeholders and $wpdb-&gt;prepare(); found interpolated variable $table_activations at &quot;SHOW TABLES LIKE &#039;$table_activations&#039;&quot;",,5,
admin/class-admin.php,934,68,WARNING,PluginCheck.Security.DirectDB.UnescapedDBParameter,"Unescaped parameter $table_activations used in $wpdb-&gt;get_var(&quot;SELECT COUNT(*) FROM $table_activations WHERE is_active = 1&quot;)\n$table_activations assigned unsafely at line 932:\n $table_activations = $wpdb-&gt;prefix . &#039;imagina_license_activations&#039;\n$license_stats[&#039;license_activations&#039;] assigned unsafely at line 934:\n $license_stats[&#039;license_activations&#039;] = $wpdb-&gt;get_var(&quot;SELECT COUNT(*) FROM $table_activations WHERE is_active = 1&quot;)",,5,
admin/class-admin.php,934,76,WARNING,WordPress.DB.PreparedSQL.InterpolatedNotPrepared,"Use placeholders and $wpdb-&gt;prepare(); found interpolated variable $table_activations at &quot;SELECT COUNT(*) FROM $table_activations WHERE is_active = 1&quot;",,5,
admin/class-admin.php,984,9,WARNING,WordPress.DB.DirectDatabaseQuery.DirectQuery,"Use of a direct database call is discouraged.",,5,
admin/class-admin.php,984,9,WARNING,WordPress.DB.DirectDatabaseQuery.NoCaching,"Direct database call without caching detected. Consider using wp_cache_get() / wp_cache_set() or wp_cache_delete().",,5,
admin/class-admin.php,988,13,WARNING,WordPress.DB.DirectDatabaseQuery.DirectQuery,"Use of a direct database call is discouraged.",,5,
admin/class-admin.php,1005,25,WARNING,WordPress.Security.NonceVerification.Recommended,"Processing form data without nonce verification.",,5,
admin/class-admin.php,1005,44,WARNING,WordPress.Security.NonceVerification.Recommended,"Processing form data without nonce verification.",,5,
admin/class-admin.php,1005,44,WARNING,WordPress.Security.ValidatedSanitizedInput.MissingUnslash,"$_GET[&#039;action&#039;] not unslashed before sanitization. Use wp_unslash() or similar",,5,
admin/class-admin.php,1005,44,WARNING,WordPress.Security.ValidatedSanitizedInput.InputNotSanitized,"Detected usage of a non-sanitized input variable: $_GET[&#039;action&#039;]",,5,
admin/class-admin.php,1006,27,WARNING,WordPress.Security.NonceVerification.Recommended,"Processing form data without nonce verification.",,5,
admin/class-admin.php,1006,55,WARNING,WordPress.Security.NonceVerification.Recommended,"Processing form data without nonce verification.",,5,
admin/class-admin.php,1048,29,WARNING,WordPress.Security.NonceVerification.Recommended,"Processing form data without nonce verification.",,5,
admin/class-admin.php,1048,59,WARNING,WordPress.Security.NonceVerification.Recommended,"Processing form data without nonce verification.",,5,
includes/class-plugin-groups.php,31,19,WARNING,WordPress.DB.DirectDatabaseQuery.DirectQuery,"Use of a direct database call is discouraged.",,5,
includes/class-plugin-groups.php,31,19,WARNING,WordPress.DB.DirectDatabaseQuery.NoCaching,"Direct database call without caching detected. Consider using wp_cache_get() / wp_cache_set() or wp_cache_delete().",,5,
includes/class-plugin-groups.php,31,26,WARNING,PluginCheck.Security.DirectDB.UnescapedDBParameter,"Unescaped parameter $table_groups used in $wpdb-&gt;get_var($wpdb-&gt;prepare(\n            &quot;SELECT COUNT(*) FROM $table_groups WHERE name = %s&quot;,\n            $name\n        ))\n$table_groups assigned unsafely at line 23:\n $table_groups = $wpdb-&gt;prefix . &#039;imagina_updater_plugin_groups&#039;\n$name used without escaping.",,5,
includes/class-plugin-groups.php,32,13,WARNING,WordPress.DB.PreparedSQL.InterpolatedNotPrepared,"Use placeholders and $wpdb-&gt;prepare(); found interpolated variable $table_groups at &quot;SELECT COUNT(*) FROM $table_groups WHERE name = %s&quot;",,5,
includes/class-plugin-groups.php,41,19,WARNING,WordPress.DB.DirectDatabaseQuery.DirectQuery,"Use of a direct database call is discouraged.",,5,
includes/class-plugin-groups.php,91,19,WARNING,WordPress.DB.DirectDatabaseQuery.DirectQuery,"Use of a direct database call is discouraged.",,5,
includes/class-plugin-groups.php,91,19,WARNING,WordPress.DB.DirectDatabaseQuery.NoCaching,"Direct database call without caching detected. Consider using wp_cache_get() / wp_cache_set() or wp_cache_delete().",,5,
includes/class-plugin-groups.php,91,26,WARNING,PluginCheck.Security.DirectDB.UnescapedDBParameter,"Unescaped parameter $table_groups used in $wpdb-&gt;get_var($wpdb-&gt;prepare(\n            &quot;SELECT COUNT(*) FROM $table_groups WHERE name = %s AND id != %d&quot;,\n            $name,\n            $group_id\n        ))\n$table_groups assigned unsafely at line 77:\n $table_groups = $wpdb-&gt;prefix . &#039;imagina_updater_plugin_groups&#039;\n$group assigned unsafely at line 80:\n $group = self::get_group($group_id)\n$group_id used without escaping.",,5,
includes/class-plugin-groups.php,92,13,WARNING,WordPress.DB.PreparedSQL.InterpolatedNotPrepared,"Use placeholders and $wpdb-&gt;prepare(); found interpolated variable $table_groups at &quot;SELECT COUNT(*) FROM $table_groups WHERE name = %s AND id != %d&quot;",,5,
includes/class-plugin-groups.php,102,19,WARNING,WordPress.DB.DirectDatabaseQuery.DirectQuery,"Use of a direct database call is discouraged.",,5,
includes/class-plugin-groups.php,102,19,WARNING,WordPress.DB.DirectDatabaseQuery.NoCaching,"Direct database call without caching detected. Consider using wp_cache_get() / wp_cache_set() or wp_cache_delete().",,5,
includes/class-plugin-groups.php,136,9,WARNING,WordPress.DB.DirectDatabaseQuery.DirectQuery,"Use of a direct database call is discouraged.",,5,
includes/class-plugin-groups.php,136,9,WARNING,WordPress.DB.DirectDatabaseQuery.NoCaching,"Direct database call without caching detected. Consider using wp_cache_get() / wp_cache_set() or wp_cache_delete().",,5,
includes/class-plugin-groups.php,141,17,WARNING,WordPress.DB.DirectDatabaseQuery.DirectQuery,"Use of a direct database call is discouraged.",,5,
includes/class-plugin-groups.php,166,16,WARNING,WordPress.DB.DirectDatabaseQuery.DirectQuery,"Use of a direct database call is discouraged.",,5,
includes/class-plugin-groups.php,166,16,WARNING,WordPress.DB.DirectDatabaseQuery.NoCaching,"Direct database call without caching detected. Consider using wp_cache_get() / wp_cache_set() or wp_cache_delete().",,5,
includes/class-plugin-groups.php,166,23,WARNING,PluginCheck.Security.DirectDB.UnescapedDBParameter,"Unescaped parameter $table_groups used in $wpdb-&gt;get_row($wpdb-&gt;prepare(\n            &quot;SELECT * FROM $table_groups WHERE id = %d&quot;,\n            $group_id\n        ))\n$table_groups assigned unsafely at line 164:\n $table_groups = $wpdb-&gt;prefix . &#039;imagina_updater_plugin_groups&#039;\n$group_id used without escaping.",,5,
includes/class-plugin-groups.php,167,13,WARNING,WordPress.DB.PreparedSQL.InterpolatedNotPrepared,"Use placeholders and $wpdb-&gt;prepare(); found interpolated variable $table_groups at &quot;SELECT * FROM $table_groups WHERE id = %d&quot;",,5,
includes/class-plugin-groups.php,182,16,WARNING,WordPress.DB.DirectDatabaseQuery.DirectQuery,"Use of a direct database call is discouraged.",,5,
includes/class-plugin-groups.php,182,16,WARNING,WordPress.DB.DirectDatabaseQuery.NoCaching,"Direct database call without caching detected. Consider using wp_cache_get() / wp_cache_set() or wp_cache_delete().",,5,
includes/class-plugin-groups.php,182,23,WARNING,PluginCheck.Security.DirectDB.UnescapedDBParameter,"Unescaped parameter $table_groups used in $wpdb-&gt;get_results(&quot;SELECT * FROM $table_groups ORDER BY name ASC&quot;)\n$table_groups assigned unsafely at line 180:\n $table_groups = $wpdb-&gt;prefix . &#039;imagina_updater_plugin_groups&#039;",,5,
includes/class-plugin-groups.php,182,35,WARNING,WordPress.DB.PreparedSQL.InterpolatedNotPrepared,"Use placeholders and $wpdb-&gt;prepare(); found interpolated variable $table_groups at &quot;SELECT * FROM $table_groups ORDER BY name ASC&quot;",,5,
includes/class-plugin-groups.php,216,20,WARNING,WordPress.DB.DirectDatabaseQuery.DirectQuery,"Use of a direct database call is discouraged.",,5,
includes/class-plugin-groups.php,216,20,WARNING,WordPress.DB.DirectDatabaseQuery.NoCaching,"Direct database call without caching detected. Consider using wp_cache_get() / wp_cache_set() or wp_cache_delete().",,5,
includes/class-plugin-groups.php,216,27,WARNING,PluginCheck.Security.DirectDB.UnescapedDBParameter,"Unescaped parameter $table_items used in $wpdb-&gt;get_col($wpdb-&gt;prepare(\n            &quot;SELECT plugin_id FROM $table_items WHERE group_id = %d&quot;,\n            $group_id\n        ))\n$table_items assigned unsafely at line 214:\n $table_items = $wpdb-&gt;prefix . &#039;imagina_updater_plugin_group_items&#039;\n$results assigned unsafely at line 216:\n $results = $wpdb-&gt;get_col($wpdb-&gt;prepare(\n            &quot;SELECT plugin_id FROM $table_items WHERE group_id = %d&quot;,\n            $group_id\n        ))\n$group_id used without escaping.",,5,
includes/class-plugin-groups.php,217,13,WARNING,WordPress.DB.PreparedSQL.InterpolatedNotPrepared,"Use placeholders and $wpdb-&gt;prepare(); found interpolated variable $table_items at &quot;SELECT plugin_id FROM $table_items WHERE group_id = %d&quot;",,5,
includes/class-plugin-groups.php,243,9,WARNING,WordPress.DB.DirectDatabaseQuery.DirectQuery,"Use of a direct database call is discouraged.",,5,
includes/class-plugin-groups.php,243,9,WARNING,WordPress.DB.DirectDatabaseQuery.NoCaching,"Direct database call without caching detected. Consider using wp_cache_get() / wp_cache_set() or wp_cache_delete().",,5,
includes/class-plugin-groups.php,246,19,WARNING,WordPress.DB.DirectDatabaseQuery.DirectQuery,"Use of a direct database call is discouraged.",,5,
includes/class-plugin-groups.php,246,19,WARNING,WordPress.DB.DirectDatabaseQuery.NoCaching,"Direct database call without caching detected. Consider using wp_cache_get() / wp_cache_set() or wp_cache_delete().",,5,
includes/class-plugin-groups.php,266,22,WARNING,WordPress.DB.DirectDatabaseQuery.DirectQuery,"Use of a direct database call is discouraged.",,5,
includes/class-plugin-groups.php,266,22,WARNING,WordPress.DB.DirectDatabaseQuery.NoCaching,"Direct database call without caching detected. Consider using wp_cache_get() / wp_cache_set() or wp_cache_delete().",,5,
includes/class-plugin-groups.php,267,13,WARNING,WordPress.DB.PreparedSQL.InterpolatedNotPrepared,"Use placeholders and $wpdb-&gt;prepare(); found interpolated variable $table_items at &quot;SELECT COUNT(*) FROM $table_items WHERE group_id = %d&quot;",,5,
includes/class-activations.php,48,21,WARNING,WordPress.DB.DirectDatabaseQuery.DirectQuery,"Use of a direct database call is discouraged.",,5,
includes/class-activations.php,48,21,WARNING,WordPress.DB.DirectDatabaseQuery.NoCaching,"Direct database call without caching detected. Consider using wp_cache_get() / wp_cache_set() or wp_cache_delete().",,5,
includes/class-activations.php,48,28,WARNING,PluginCheck.Security.DirectDB.UnescapedDBParameter,"Unescaped parameter $table used in $wpdb-&gt;get_row($wpdb-&gt;prepare(\n            &quot;SELECT * FROM $table WHERE api_key_id = %d AND site_domain = %s AND is_active = 1&quot;,\n            $key_data-&gt;id,\n            $site_domain\n        ))\n$table assigned unsafely at line 45:\n $table = $wpdb-&gt;prefix . &#039;imagina_updater_activations&#039;\n$existing assigned unsafely at line 48:\n $existing = $wpdb-&gt;get_row($wpdb-&gt;prepare(\n            &quot;SELECT * FROM $table WHERE api_key_id = %d AND site_domain = %s AND is_active = 1&quot;,\n            $key_data-&gt;id,\n            $site_domain\n        ))\n$key_data-&gt;id used without escaping.\n$site_domain assigned unsafely at line 40:\n $site_domain = self::normalize_domain($site_domain)",,5,
includes/class-activations.php,49,13,WARNING,WordPress.DB.PreparedSQL.InterpolatedNotPrepared,"Use placeholders and $wpdb-&gt;prepare(); found interpolated variable $table at &quot;SELECT * FROM $table WHERE api_key_id = %d AND site_domain = %s AND is_active = 1&quot;",,5,
includes/class-activations.php,64,32,WARNING,WordPress.DB.DirectDatabaseQuery.DirectQuery,"Use of a direct database call is discouraged.",,5,
includes/class-activations.php,64,32,WARNING,WordPress.DB.DirectDatabaseQuery.NoCaching,"Direct database call without caching detected. Consider using wp_cache_get() / wp_cache_set() or wp_cache_delete().",,5,
includes/class-activations.php,64,39,WARNING,PluginCheck.Security.DirectDB.UnescapedDBParameter,"Unescaped parameter $table used in $wpdb-&gt;get_var($wpdb-&gt;prepare(\n            &quot;SELECT COUNT(*) FROM $table WHERE api_key_id = %d AND is_active = 1&quot;,\n            $key_data-&gt;id\n        ))\n$table assigned unsafely at line 45:\n $table = $wpdb-&gt;prefix . &#039;imagina_updater_activations&#039;\n$existing assigned unsafely at line 48:\n $existing = $wpdb-&gt;get_row($wpdb-&gt;prepare(\n            &quot;SELECT * FROM $table WHERE api_key_id = %d AND site_domain = %s AND is_active = 1&quot;,\n            $key_data-&gt;id,\n            $site_domain\n        ))\n$key_data-&gt;id used without escaping.\n$site_domain assigned unsafely at line 40:\n $site_domain = self::normalize_domain($site_domain)",,5,
includes/class-activations.php,65,13,WARNING,WordPress.DB.PreparedSQL.InterpolatedNotPrepared,"Use placeholders and $wpdb-&gt;prepare(); found interpolated variable $table at &quot;SELECT COUNT(*) FROM $table WHERE api_key_id = %d AND is_active = 1&quot;",,5,
includes/class-activations.php,72,32,WARNING,WordPress.DB.DirectDatabaseQuery.DirectQuery,"Use of a direct database call is discouraged.",,5,
includes/class-activations.php,72,32,WARNING,WordPress.DB.DirectDatabaseQuery.NoCaching,"Direct database call without caching detected. Consider using wp_cache_get() / wp_cache_set() or wp_cache_delete().",,5,
includes/class-activations.php,72,39,WARNING,PluginCheck.Security.DirectDB.UnescapedDBParameter,"Unescaped parameter $table used in $wpdb-&gt;get_col($wpdb-&gt;prepare(\n                &quot;SELECT site_domain FROM $table WHERE api_key_id = %d AND is_active = 1 ORDER BY activated_at DESC&quot;,\n                $key_data-&gt;id\n            ))\n$table assigned unsafely at line 45:\n $table = $wpdb-&gt;prefix . &#039;imagina_updater_activations&#039;\n$existing assigned unsafely at line 48:\n $existing = $wpdb-&gt;get_row($wpdb-&gt;prepare(\n            &quot;SELECT * FROM $table WHERE api_key_id = %d AND site_domain = %s AND is_active = 1&quot;,\n            $key_data-&gt;id,\n            $site_domain\n        ))\n$key_data-&gt;id used without escaping.\n$site_domain assigned unsafely at line 40:\n $site_domain = self::normalize_domain($site_domain)",,5,
includes/class-activations.php,73,17,WARNING,WordPress.DB.PreparedSQL.InterpolatedNotPrepared,"Use placeholders and $wpdb-&gt;prepare(); found interpolated variable $table at &quot;SELECT site_domain FROM $table WHERE api_key_id = %d AND is_active = 1 ORDER BY activated_at DESC&quot;",,5,
includes/class-activations.php,93,19,WARNING,WordPress.DB.DirectDatabaseQuery.DirectQuery,"Use of a direct database call is discouraged.",,5,
includes/class-activations.php,169,9,WARNING,WordPress.DB.DirectDatabaseQuery.DirectQuery,"Use of a direct database call is discouraged.",,5,
includes/class-activations.php,169,9,WARNING,WordPress.DB.DirectDatabaseQuery.NoCaching,"Direct database call without caching detected. Consider using wp_cache_get() / wp_cache_set() or wp_cache_delete().",,5,
includes/class-activations.php,192,23,WARNING,WordPress.DB.DirectDatabaseQuery.DirectQuery,"Use of a direct database call is discouraged.",,5,
includes/class-activations.php,192,23,WARNING,WordPress.DB.DirectDatabaseQuery.NoCaching,"Direct database call without caching detected. Consider using wp_cache_get() / wp_cache_set() or wp_cache_delete().",,5,
includes/class-activations.php,192,30,WARNING,PluginCheck.Security.DirectDB.UnescapedDBParameter,"Unescaped parameter $table used in $wpdb-&gt;get_row($wpdb-&gt;prepare(\n            &quot;SELECT site_domain, api_key_id FROM $table WHERE id = %d&quot;,\n            $activation_id\n        ))\n$table assigned unsafely at line 189:\n $table = $wpdb-&gt;prefix . &#039;imagina_updater_activations&#039;\n$activation assigned unsafely at line 192:\n $activation = $wpdb-&gt;get_row($wpdb-&gt;prepare(\n            &quot;SELECT site_domain, api_key_id FROM $table WHERE id = %d&quot;,\n            $activation_id\n        ))\n$activation_id used without escaping.",,5,
includes/class-activations.php,193,13,WARNING,WordPress.DB.PreparedSQL.InterpolatedNotPrepared,"Use placeholders and $wpdb-&gt;prepare(); found interpolated variable $table at &quot;SELECT site_domain, api_key_id FROM $table WHERE id = %d&quot;",,5,
includes/class-activations.php,198,19,WARNING,WordPress.DB.DirectDatabaseQuery.DirectQuery,"Use of a direct database call is discouraged.",,5,
includes/class-activations.php,198,19,WARNING,WordPress.DB.DirectDatabaseQuery.NoCaching,"Direct database call without caching detected. Consider using wp_cache_get() / wp_cache_set() or wp_cache_delete().",,5,
includes/class-activations.php,276,16,WARNING,WordPress.DB.DirectDatabaseQuery.DirectQuery,"Use of a direct database call is discouraged.",,5,
includes/class-activations.php,276,16,WARNING,WordPress.DB.DirectDatabaseQuery.NoCaching,"Direct database call without caching detected. Consider using wp_cache_get() / wp_cache_set() or wp_cache_delete().",,5,
includes/class-activations.php,276,23,WARNING,PluginCheck.Security.DirectDB.UnescapedDBParameter,"Unescaped parameter $table used in $wpdb-&gt;get_results($wpdb-&gt;prepare(\n            &quot;SELECT * FROM $table WHERE $where ORDER BY activated_at DESC&quot;,\n            $api_key_id\n        ))\n$table assigned unsafely at line 269:\n $table = $wpdb-&gt;prefix . &#039;imagina_updater_activations&#039;\n$where assigned unsafely at line 273:\n $where .= &quot; AND is_active = 1&quot;\n$where assigned unsafely at line 271:\n $where = &quot;api_key_id = %d&quot;\n$api_key_id used without escaping.\n$active_only used without escaping.",,5,
includes/class-activations.php,277,13,WARNING,WordPress.DB.PreparedSQL.InterpolatedNotPrepared,"Use placeholders and $wpdb-&gt;prepare(); found interpolated variable $table at &quot;SELECT * FROM $table WHERE $where ORDER BY activated_at DESC&quot;",,5,
includes/class-activations.php,277,13,WARNING,WordPress.DB.PreparedSQL.InterpolatedNotPrepared,"Use placeholders and $wpdb-&gt;prepare(); found interpolated variable $where at &quot;SELECT * FROM $table WHERE $where ORDER BY activated_at DESC&quot;",,5,
includes/class-activations.php,277,75,WARNING,WordPress.DB.PreparedSQLPlaceholders.UnfinishedPrepare,"Replacement variables found, but no valid placeholders found in the query.",,5,
includes/class-activations.php,293,22,WARNING,WordPress.DB.DirectDatabaseQuery.DirectQuery,"Use of a direct database call is discouraged.",,5,
includes/class-activations.php,293,22,WARNING,WordPress.DB.DirectDatabaseQuery.NoCaching,"Direct database call without caching detected. Consider using wp_cache_get() / wp_cache_set() or wp_cache_delete().",,5,
includes/class-activations.php,294,13,WARNING,WordPress.DB.PreparedSQL.InterpolatedNotPrepared,"Use placeholders and $wpdb-&gt;prepare(); found interpolated variable $table at &quot;SELECT COUNT(*) FROM $table WHERE api_key_id = %d AND is_active = 1&quot;",,5,
includes/class-activations.php,333,16,WARNING,WordPress.DB.DirectDatabaseQuery.DirectQuery,"Use of a direct database call is discouraged.",,5,
includes/class-activations.php,333,16,WARNING,WordPress.DB.DirectDatabaseQuery.NoCaching,"Direct database call without caching detected. Consider using wp_cache_get() / wp_cache_set() or wp_cache_delete().",,5,
includes/class-activations.php,333,23,WARNING,PluginCheck.Security.DirectDB.UnescapedDBParameter,"Unescaped parameter $table used in $wpdb-&gt;get_row($wpdb-&gt;prepare(\n            &quot;SELECT * FROM $table WHERE activation_token = %s&quot;,\n            $activation_token\n        ))\n$table assigned unsafely at line 331:\n $table = $wpdb-&gt;prefix . &#039;imagina_updater_activations&#039;\n$activation_token used without escaping.",,5,
includes/class-activations.php,334,13,WARNING,WordPress.DB.PreparedSQL.InterpolatedNotPrepared,"Use placeholders and $wpdb-&gt;prepare(); found interpolated variable $table at &quot;SELECT * FROM $table WHERE activation_token = %s&quot;",,5,
includes/class-database.php,165,26,WARNING,WordPress.DB.DirectDatabaseQuery.DirectQuery,"Use of a direct database call is discouraged.",,5,
includes/class-database.php,165,26,WARNING,WordPress.DB.DirectDatabaseQuery.NoCaching,"Direct database call without caching detected. Consider using wp_cache_get() / wp_cache_set() or wp_cache_delete().",,5,
includes/class-database.php,165,33,WARNING,PluginCheck.Security.DirectDB.UnescapedDBParameter,"Unescaped parameter $table_plugins used in $wpdb-&gt;get_results($wpdb-&gt;prepare(\n                &quot;SHOW COLUMNS FROM $table_plugins LIKE %s&quot;,\n                &#039;slug_override&#039;\n            ))\n$table_plugins assigned unsafely at line 162:\n $table_plugins = $wpdb-&gt;prefix . &#039;imagina_updater_plugins&#039;\n$column_exists assigned unsafely at line 165:\n $column_exists = $wpdb-&gt;get_results(\n            $wpdb-&gt;prepare(\n                &quot;SHOW COLUMNS FROM $table_plugins LIKE %s&quot;,\n                &#039;slug_override&#039;\n            )\n        )",,5,
includes/class-database.php,167,17,WARNING,WordPress.DB.PreparedSQL.InterpolatedNotPrepared,"Use placeholders and $wpdb-&gt;prepare(); found interpolated variable $table_plugins at &quot;SHOW COLUMNS FROM $table_plugins LIKE %s&quot;",,5,
includes/class-database.php,173,13,WARNING,WordPress.PHP.DevelopmentFunctions.error_log_error_log,"error_log() found. Debug code should not normally be used in production.",,5,
includes/class-database.php,176,23,WARNING,WordPress.DB.DirectDatabaseQuery.DirectQuery,"Use of a direct database call is discouraged.",,5,
includes/class-database.php,176,23,WARNING,WordPress.DB.DirectDatabaseQuery.NoCaching,"Direct database call without caching detected. Consider using wp_cache_get() / wp_cache_set() or wp_cache_delete().",,5,
includes/class-database.php,176,30,WARNING,PluginCheck.Security.DirectDB.UnescapedDBParameter,"Unescaped parameter $table_plugins used in $wpdb-&gt;query(&quot;ALTER TABLE $table_plugins\n                ADD COLUMN slug_override varchar(255) DEFAULT NULL COMMENT &#039;Slug personalizado&#039;\n                AFTER slug&quot;)\n$table_plugins assigned unsafely at line 162:\n $table_plugins = $wpdb-&gt;prefix . &#039;imagina_updater_plugins&#039;\n$column_exists assigned unsafely at line 165:\n $column_exists = $wpdb-&gt;get_results(\n            $wpdb-&gt;prepare(\n                &quot;SHOW COLUMNS FROM $table_plugins LIKE %s&quot;,\n                &#039;slug_override&#039;\n            )\n        )",,5,
includes/class-database.php,177,17,WARNING,WordPress.DB.PreparedSQL.InterpolatedNotPrepared,"Use placeholders and $wpdb-&gt;prepare(); found interpolated variable $table_plugins at &quot;ALTER TABLE $table_plugins\n",,5,
includes/class-database.php,177,17,WARNING,WordPress.DB.DirectDatabaseQuery.SchemaChange,"Attempting a database schema change is discouraged.",,5,
includes/class-database.php,183,17,WARNING,WordPress.PHP.DevelopmentFunctions.error_log_error_log,"error_log() found. Debug code should not normally be used in production.",,5,
includes/class-database.php,188,24,WARNING,WordPress.DB.DirectDatabaseQuery.DirectQuery,"Use of a direct database call is discouraged.",,5,
includes/class-database.php,188,24,WARNING,WordPress.DB.DirectDatabaseQuery.NoCaching,"Direct database call without caching detected. Consider using wp_cache_get() / wp_cache_set() or wp_cache_delete().",,5,
includes/class-database.php,188,31,WARNING,PluginCheck.Security.DirectDB.UnescapedDBParameter,"Unescaped parameter $table_plugins used in $wpdb-&gt;get_results(&quot;SHOW INDEX FROM $table_plugins WHERE Key_name = &#039;slug_override&#039;&quot;)\n$table_plugins assigned unsafely at line 162:\n $table_plugins = $wpdb-&gt;prefix . &#039;imagina_updater_plugins&#039;\n$column_exists assigned unsafely at line 165:\n $column_exists = $wpdb-&gt;get_results(\n            $wpdb-&gt;prepare(\n                &quot;SHOW COLUMNS FROM $table_plugins LIKE %s&quot;,\n                &#039;slug_override&#039;\n            )\n        )",,5,
includes/class-database.php,188,43,WARNING,WordPress.DB.PreparedSQL.InterpolatedNotPrepared,"Use placeholders and $wpdb-&gt;prepare(); found interpolated variable $table_plugins at &quot;SHOW INDEX FROM $table_plugins WHERE Key_name = &#039;slug_override&#039;&quot;",,5,
includes/class-database.php,192,33,WARNING,WordPress.DB.DirectDatabaseQuery.DirectQuery,"Use of a direct database call is discouraged.",,5,
includes/class-database.php,192,33,WARNING,WordPress.DB.DirectDatabaseQuery.NoCaching,"Direct database call without caching detected. Consider using wp_cache_get() / wp_cache_set() or wp_cache_delete().",,5,
includes/class-database.php,192,40,WARNING,PluginCheck.Security.DirectDB.UnescapedDBParameter,"Unescaped parameter $table_plugins used in $wpdb-&gt;query(&quot;ALTER TABLE $table_plugins\n                    ADD KEY slug_override (slug_override)&quot;)\n$table_plugins assigned unsafely at line 162:\n $table_plugins = $wpdb-&gt;prefix . &#039;imagina_updater_plugins&#039;\n$column_exists assigned unsafely at line 165:\n $column_exists = $wpdb-&gt;get_results(\n            $wpdb-&gt;prepare(\n                &quot;SHOW COLUMNS FROM $table_plugins LIKE %s&quot;,\n                &#039;slug_override&#039;\n            )\n        )",,5,
includes/class-database.php,193,21,WARNING,WordPress.DB.PreparedSQL.InterpolatedNotPrepared,"Use placeholders and $wpdb-&gt;prepare(); found interpolated variable $table_plugins at &quot;ALTER TABLE $table_plugins\n",,5,
includes/class-database.php,193,21,WARNING,WordPress.DB.DirectDatabaseQuery.SchemaChange,"Attempting a database schema change is discouraged.",,5,
includes/class-database.php,198,21,WARNING,WordPress.PHP.DevelopmentFunctions.error_log_error_log,"error_log() found. Debug code should not normally be used in production.",,5,
includes/class-database.php,203,13,WARNING,WordPress.PHP.DevelopmentFunctions.error_log_error_log,"error_log() found. Debug code should not normally be used in production.",,5,
includes/class-database.php,206,13,WARNING,WordPress.PHP.DevelopmentFunctions.error_log_error_log,"error_log() found. Debug code should not normally be used in production.",,5,
includes/class-database.php,220,26,WARNING,WordPress.DB.DirectDatabaseQuery.DirectQuery,"Use of a direct database call is discouraged.",,5,
includes/class-database.php,220,26,WARNING,WordPress.DB.DirectDatabaseQuery.NoCaching,"Direct database call without caching detected. Consider using wp_cache_get() / wp_cache_set() or wp_cache_delete().",,5,
includes/class-database.php,220,33,WARNING,PluginCheck.Security.DirectDB.UnescapedDBParameter,"Unescaped parameter $table_api_keys used in $wpdb-&gt;get_results($wpdb-&gt;prepare(\n                &quot;SHOW COLUMNS FROM $table_api_keys LIKE %s&quot;,\n                &#039;access_type&#039;\n            ))\n$table_api_keys assigned unsafely at line 217:\n $table_api_keys = $wpdb-&gt;prefix . &#039;imagina_updater_api_keys&#039;\n$column_exists assigned unsafely at line 220:\n $column_exists = $wpdb-&gt;get_results(\n            $wpdb-&gt;prepare(\n                &quot;SHOW COLUMNS FROM $table_api_keys LIKE %s&quot;,\n                &#039;access_type&#039;\n            )\n        )",,5,
includes/class-database.php,222,17,WARNING,WordPress.DB.PreparedSQL.InterpolatedNotPrepared,"Use placeholders and $wpdb-&gt;prepare(); found interpolated variable $table_api_keys at &quot;SHOW COLUMNS FROM $table_api_keys LIKE %s&quot;",,5,
includes/class-database.php,228,13,WARNING,WordPress.PHP.DevelopmentFunctions.error_log_error_log,"error_log() found. Debug code should not normally be used in production.",,5,
includes/class-database.php,231,23,WARNING,WordPress.DB.DirectDatabaseQuery.DirectQuery,"Use of a direct database call is discouraged.",,5,
includes/class-database.php,231,23,WARNING,WordPress.DB.DirectDatabaseQuery.NoCaching,"Direct database call without caching detected. Consider using wp_cache_get() / wp_cache_set() or wp_cache_delete().",,5,
includes/class-database.php,231,30,WARNING,PluginCheck.Security.DirectDB.UnescapedDBParameter,"Unescaped parameter $table_api_keys used in $wpdb-&gt;query(&quot;ALTER TABLE $table_api_keys\n                ADD COLUMN access_type ENUM(&#039;all&#039;, &#039;specific&#039;, &#039;groups&#039;) NOT NULL DEFAULT &#039;all&#039; COMMENT &#039;Tipo de acceso&#039; AFTER is_active,\n                ADD COLUMN allowed_plugins TEXT NULL COMMENT &#039;IDs de plugins permitidos (JSON array)&#039; AFTER access_type,\n                ADD COLUMN allowed_groups TEXT NULL COMMENT &#039;IDs de grupos permitidos (JSON array)&#039; AFTER allowed_plugins&quot;)\n$table_api_keys assigned unsafely at line 217:\n $table_api_keys = $wpdb-&gt;prefix . &#039;imagina_updater_api_keys&#039;\n$column_exists assigned unsafely at line 220:\n $column_exists = $wpdb-&gt;get_results(\n            $wpdb-&gt;prepare(\n                &quot;SHOW COLUMNS FROM $table_api_keys LIKE %s&quot;,\n                &#039;access_type&#039;\n            )\n        )",,5,
includes/class-database.php,232,17,WARNING,WordPress.DB.PreparedSQL.InterpolatedNotPrepared,"Use placeholders and $wpdb-&gt;prepare(); found interpolated variable $table_api_keys at &quot;ALTER TABLE $table_api_keys\n",,5,
includes/class-database.php,232,17,WARNING,WordPress.DB.DirectDatabaseQuery.SchemaChange,"Attempting a database schema change is discouraged.",,5,
includes/class-database.php,239,17,WARNING,WordPress.PHP.DevelopmentFunctions.error_log_error_log,"error_log() found. Debug code should not normally be used in production.",,5,
includes/class-database.php,243,13,WARNING,WordPress.PHP.DevelopmentFunctions.error_log_error_log,"error_log() found. Debug code should not normally be used in production.",,5,
includes/class-database.php,246,13,WARNING,WordPress.PHP.DevelopmentFunctions.error_log_error_log,"error_log() found. Debug code should not normally be used in production.",,5,
includes/class-database.php,260,26,WARNING,WordPress.DB.DirectDatabaseQuery.DirectQuery,"Use of a direct database call is discouraged.",,5,
includes/class-database.php,260,26,WARNING,WordPress.DB.DirectDatabaseQuery.NoCaching,"Direct database call without caching detected. Consider using wp_cache_get() / wp_cache_set() or wp_cache_delete().",,5,
includes/class-database.php,260,33,WARNING,PluginCheck.Security.DirectDB.UnescapedDBParameter,"Unescaped parameter $table_api_keys used in $wpdb-&gt;get_results($wpdb-&gt;prepare(\n                &quot;SHOW COLUMNS FROM $table_api_keys LIKE %s&quot;,\n                &#039;max_activations&#039;\n            ))\n$table_api_keys assigned unsafely at line 257:\n $table_api_keys = $wpdb-&gt;prefix . &#039;imagina_updater_api_keys&#039;\n$column_exists assigned unsafely at line 260:\n $column_exists = $wpdb-&gt;get_results(\n            $wpdb-&gt;prepare(\n                &quot;SHOW COLUMNS FROM $table_api_keys LIKE %s&quot;,\n                &#039;max_activations&#039;\n            )\n        )",,5,
includes/class-database.php,262,17,WARNING,WordPress.DB.PreparedSQL.InterpolatedNotPrepared,"Use placeholders and $wpdb-&gt;prepare(); found interpolated variable $table_api_keys at &quot;SHOW COLUMNS FROM $table_api_keys LIKE %s&quot;",,5,
includes/class-database.php,268,13,WARNING,WordPress.PHP.DevelopmentFunctions.error_log_error_log,"error_log() found. Debug code should not normally be used in production.",,5,
includes/class-database.php,271,23,WARNING,WordPress.DB.DirectDatabaseQuery.DirectQuery,"Use of a direct database call is discouraged.",,5,
includes/class-database.php,271,23,WARNING,WordPress.DB.DirectDatabaseQuery.NoCaching,"Direct database call without caching detected. Consider using wp_cache_get() / wp_cache_set() or wp_cache_delete().",,5,
includes/class-database.php,271,30,WARNING,PluginCheck.Security.DirectDB.UnescapedDBParameter,"Unescaped parameter $table_api_keys used in $wpdb-&gt;query(&quot;ALTER TABLE $table_api_keys\n                ADD COLUMN max_activations int(11) NOT NULL DEFAULT 1 COMMENT &#039;Máximo de sitios activados (0 = ilimitado)&#039; AFTER allowed_groups&quot;)\n$table_api_keys assigned unsafely at line 257:\n $table_api_keys = $wpdb-&gt;prefix . &#039;imagina_updater_api_keys&#039;\n$column_exists assigned unsafely at line 260:\n $column_exists = $wpdb-&gt;get_results(\n            $wpdb-&gt;prepare(\n                &quot;SHOW COLUMNS FROM $table_api_keys LIKE %s&quot;,\n                &#039;max_activations&#039;\n            )\n        )",,5,
includes/class-database.php,272,17,WARNING,WordPress.DB.PreparedSQL.InterpolatedNotPrepared,"Use placeholders and $wpdb-&gt;prepare(); found interpolated variable $table_api_keys at &quot;ALTER TABLE $table_api_keys\n",,5,
includes/class-database.php,272,17,WARNING,WordPress.DB.DirectDatabaseQuery.SchemaChange,"Attempting a database schema change is discouraged.",,5,
includes/class-database.php,277,17,WARNING,WordPress.PHP.DevelopmentFunctions.error_log_error_log,"error_log() found. Debug code should not normally be used in production.",,5,
includes/class-database.php,281,13,WARNING,WordPress.PHP.DevelopmentFunctions.error_log_error_log,"error_log() found. Debug code should not normally be used in production.",,5,
includes/class-database.php,284,13,WARNING,WordPress.PHP.DevelopmentFunctions.error_log_error_log,"error_log() found. Debug code should not normally be used in production.",,5,
includes/class-database.php,299,36,WARNING,WordPress.DB.DirectDatabaseQuery.DirectQuery,"Use of a direct database call is discouraged.",,5,
includes/class-database.php,299,36,WARNING,WordPress.DB.DirectDatabaseQuery.NoCaching,"Direct database call without caching detected. Consider using wp_cache_get() / wp_cache_set() or wp_cache_delete().",,5,
includes/class-database.php,299,43,WARNING,PluginCheck.Security.DirectDB.UnescapedDBParameter,"Unescaped parameter $table_activations used in $wpdb-&gt;get_results(&quot;SHOW INDEX FROM $table_activations WHERE Key_name = &#039;api_key_domain_active&#039;&quot;)\n$table_activations assigned unsafely at line 295:\n $table_activations = $wpdb-&gt;prefix . &#039;imagina_updater_activations&#039;\n$table_downloads assigned unsafely at line 296:\n $table_downloads = $wpdb-&gt;prefix . &#039;imagina_updater_downloads&#039;\n$activation_index_exists assigned unsafely at line 299:\n $activation_index_exists = $wpdb-&gt;get_results(\n            &quot;SHOW INDEX FROM $table_activations WHERE Key_name = &#039;api_key_domain_active&#039;&quot;\n        )",,5,
includes/class-database.php,300,13,WARNING,WordPress.DB.PreparedSQL.InterpolatedNotPrepared,"Use placeholders and $wpdb-&gt;prepare(); found interpolated variable $table_activations at &quot;SHOW INDEX FROM $table_activations WHERE Key_name = &#039;api_key_domain_active&#039;&quot;",,5,
includes/class-database.php,304,13,WARNING,WordPress.PHP.DevelopmentFunctions.error_log_error_log,"error_log() found. Debug code should not normally be used in production.",,5,
includes/class-database.php,305,23,WARNING,WordPress.DB.DirectDatabaseQuery.DirectQuery,"Use of a direct database call is discouraged.",,5,
includes/class-database.php,305,23,WARNING,WordPress.DB.DirectDatabaseQuery.NoCaching,"Direct database call without caching detected. Consider using wp_cache_get() / wp_cache_set() or wp_cache_delete().",,5,
includes/class-database.php,305,30,WARNING,PluginCheck.Security.DirectDB.UnescapedDBParameter,"Unescaped parameter $table_activations used in $wpdb-&gt;query(&quot;ALTER TABLE $table_activations\n                ADD KEY api_key_domain_active (api_key_id, site_domain, is_active)&quot;)\n$table_activations assigned unsafely at line 295:\n $table_activations = $wpdb-&gt;prefix . &#039;imagina_updater_activations&#039;\n$table_downloads assigned unsafely at line 296:\n $table_downloads = $wpdb-&gt;prefix . &#039;imagina_updater_downloads&#039;\n$activation_index_exists assigned unsafely at line 299:\n $activation_index_exists = $wpdb-&gt;get_results(\n            &quot;SHOW INDEX FROM $table_activations WHERE Key_name = &#039;api_key_domain_active&#039;&quot;\n        )",,5,
includes/class-database.php,306,17,WARNING,WordPress.DB.PreparedSQL.InterpolatedNotPrepared,"Use placeholders and $wpdb-&gt;prepare(); found interpolated variable $table_activations at &quot;ALTER TABLE $table_activations\n",,5,
includes/class-database.php,306,17,WARNING,WordPress.DB.DirectDatabaseQuery.SchemaChange,"Attempting a database schema change is discouraged.",,5,
includes/class-database.php,311,17,WARNING,WordPress.PHP.DevelopmentFunctions.error_log_error_log,"error_log() found. Debug code should not normally be used in production.",,5,
includes/class-database.php,313,17,WARNING,WordPress.PHP.DevelopmentFunctions.error_log_error_log,"error_log() found. Debug code should not normally be used in production.",,5,
includes/class-database.php,318,34,WARNING,WordPress.DB.DirectDatabaseQuery.DirectQuery,"Use of a direct database call is discouraged.",,5,
includes/class-database.php,318,34,WARNING,WordPress.DB.DirectDatabaseQuery.NoCaching,"Direct database call without caching detected. Consider using wp_cache_get() / wp_cache_set() or wp_cache_delete().",,5,
includes/class-database.php,318,41,WARNING,PluginCheck.Security.DirectDB.UnescapedDBParameter,"Unescaped parameter $table_downloads used in $wpdb-&gt;get_results(&quot;SHOW INDEX FROM $table_downloads WHERE Key_name = &#039;api_key_downloaded&#039;&quot;)\n$table_downloads assigned unsafely at line 296:\n $table_downloads = $wpdb-&gt;prefix . &#039;imagina_updater_downloads&#039;\n$activation_index_exists assigned unsafely at line 299:\n $activation_index_exists = $wpdb-&gt;get_results(\n            &quot;SHOW INDEX FROM $table_activations WHERE Key_name = &#039;api_key_domain_active&#039;&quot;\n        )\n$table_activations assigned unsafely at line 295:\n $table_activations = $wpdb-&gt;prefix . &#039;imagina_updater_activations&#039;",,5,
includes/class-database.php,319,13,WARNING,WordPress.DB.PreparedSQL.InterpolatedNotPrepared,"Use placeholders and $wpdb-&gt;prepare(); found interpolated variable $table_downloads at &quot;SHOW INDEX FROM $table_downloads WHERE Key_name = &#039;api_key_downloaded&#039;&quot;",,5,
includes/class-database.php,323,13,WARNING,WordPress.PHP.DevelopmentFunctions.error_log_error_log,"error_log() found. Debug code should not normally be used in production.",,5,
includes/class-database.php,324,23,WARNING,WordPress.DB.DirectDatabaseQuery.DirectQuery,"Use of a direct database call is discouraged.",,5,
includes/class-database.php,324,23,WARNING,WordPress.DB.DirectDatabaseQuery.NoCaching,"Direct database call without caching detected. Consider using wp_cache_get() / wp_cache_set() or wp_cache_delete().",,5,
includes/class-database.php,324,30,WARNING,PluginCheck.Security.DirectDB.UnescapedDBParameter,"Unescaped parameter $table_downloads used in $wpdb-&gt;query(&quot;ALTER TABLE $table_downloads\n                ADD KEY api_key_downloaded (api_key_id, downloaded_at)&quot;)\n$table_downloads assigned unsafely at line 296:\n $table_downloads = $wpdb-&gt;prefix . &#039;imagina_updater_downloads&#039;\n$activation_index_exists assigned unsafely at line 299:\n $activation_index_exists = $wpdb-&gt;get_results(\n            &quot;SHOW INDEX FROM $table_activations WHERE Key_name = &#039;api_key_domain_active&#039;&quot;\n        )\n$table_activations assigned unsafely at line 295:\n $table_activations = $wpdb-&gt;prefix . &#039;imagina_updater_activations&#039;",,5,
includes/class-database.php,325,17,WARNING,WordPress.DB.PreparedSQL.InterpolatedNotPrepared,"Use placeholders and $wpdb-&gt;prepare(); found interpolated variable $table_downloads at &quot;ALTER TABLE $table_downloads\n",,5,
includes/class-database.php,325,17,WARNING,WordPress.DB.DirectDatabaseQuery.SchemaChange,"Attempting a database schema change is discouraged.",,5,
includes/class-database.php,330,17,WARNING,WordPress.PHP.DevelopmentFunctions.error_log_error_log,"error_log() found. Debug code should not normally be used in production.",,5,
includes/class-database.php,332,17,WARNING,WordPress.PHP.DevelopmentFunctions.error_log_error_log,"error_log() found. Debug code should not normally be used in production.",,5,
includes/class-plugin-manager.php,20,20,WARNING,WordPress.DB.DirectDatabaseQuery.DirectQuery,"Use of a direct database call is discouraged.",,5,
includes/class-plugin-manager.php,20,20,WARNING,WordPress.DB.DirectDatabaseQuery.NoCaching,"Direct database call without caching detected. Consider using wp_cache_get() / wp_cache_set() or wp_cache_delete().",,5,
includes/class-plugin-manager.php,20,27,WARNING,PluginCheck.Security.DirectDB.UnescapedDBParameter,"Unescaped parameter $table_plugins used in $wpdb-&gt;get_results(&quot;SHOW COLUMNS FROM $table_plugins LIKE &#039;slug_override&#039;&quot;)\n$table_plugins assigned unsafely at line 17:\n $table_plugins = $wpdb-&gt;prefix . &#039;imagina_updater_plugins&#039;\n$columns assigned unsafely at line 20:\n $columns = $wpdb-&gt;get_results(&quot;SHOW COLUMNS FROM $table_plugins LIKE &#039;slug_override&#039;&quot;)",,5,
includes/class-plugin-manager.php,20,39,WARNING,WordPress.DB.PreparedSQL.InterpolatedNotPrepared,"Use placeholders and $wpdb-&gt;prepare(); found interpolated variable $table_plugins at &quot;SHOW COLUMNS FROM $table_plugins LIKE &#039;slug_override&#039;&quot;",,5,
includes/class-plugin-manager.php,22,13,WARNING,WordPress.PHP.DevelopmentFunctions.error_log_error_log,"error_log() found. Debug code should not normally be used in production.",,5,
includes/class-plugin-manager.php,192,21,WARNING,WordPress.DB.DirectDatabaseQuery.DirectQuery,"Use of a direct database call is discouraged.",,5,
includes/class-plugin-manager.php,192,21,WARNING,WordPress.DB.DirectDatabaseQuery.NoCaching,"Direct database call without caching detected. Consider using wp_cache_get() / wp_cache_set() or wp_cache_delete().",,5,
includes/class-plugin-manager.php,192,28,WARNING,PluginCheck.Security.DirectDB.UnescapedDBParameter,"Unescaped parameter $table_plugins used in $wpdb-&gt;get_row($wpdb-&gt;prepare(\n            &quot;SELECT * FROM $table_plugins WHERE slug = %s&quot;,\n            $plugin_data[&#039;slug&#039;]\n        ))\n$table_plugins assigned unsafely at line 188:\n $table_plugins = $wpdb-&gt;prefix . &#039;imagina_updater_plugins&#039;\n$table_versions assigned unsafely at line 189:\n $table_versions = $wpdb-&gt;prefix . &#039;imagina_updater_versions&#039;\n$existing assigned unsafely at line 192:\n $existing = $wpdb-&gt;get_row($wpdb-&gt;prepare(\n            &quot;SELECT * FROM $table_plugins WHERE slug = %s&quot;,\n            $plugin_data[&#039;slug&#039;]\n        ))\n$plugin_data[&#039;slug&#039;] used without escaping.",,5,
includes/class-plugin-manager.php,193,13,WARNING,WordPress.DB.PreparedSQL.InterpolatedNotPrepared,"Use placeholders and $wpdb-&gt;prepare(); found interpolated variable $table_plugins at &quot;SELECT * FROM $table_plugins WHERE slug = %s&quot;",,5,
includes/class-plugin-manager.php,198,9,WARNING,WordPress.DB.DirectDatabaseQuery.DirectQuery,"Use of a direct database call is discouraged.",,5,
includes/class-plugin-manager.php,198,9,WARNING,WordPress.DB.DirectDatabaseQuery.NoCaching,"Direct database call without caching detected. Consider using wp_cache_get() / wp_cache_set() or wp_cache_delete().",,5,
includes/class-plugin-manager.php,209,27,WARNING,WordPress.DB.DirectDatabaseQuery.DirectQuery,"Use of a direct database call is discouraged.",,5,
includes/class-plugin-manager.php,227,27,WARNING,WordPress.DB.DirectDatabaseQuery.DirectQuery,"Use of a direct database call is discouraged.",,5,
includes/class-plugin-manager.php,227,27,WARNING,WordPress.DB.DirectDatabaseQuery.NoCaching,"Direct database call without caching detected. Consider using wp_cache_get() / wp_cache_set() or wp_cache_delete().",,5,
includes/class-plugin-manager.php,252,27,WARNING,WordPress.DB.DirectDatabaseQuery.DirectQuery,"Use of a direct database call is discouraged.",,5,
includes/class-plugin-manager.php,279,27,WARNING,WordPress.DB.DirectDatabaseQuery.DirectQuery,"Use of a direct database call is discouraged.",,5,
includes/class-plugin-manager.php,299,13,WARNING,WordPress.DB.DirectDatabaseQuery.DirectQuery,"Use of a direct database call is discouraged.",,5,
includes/class-plugin-manager.php,299,13,WARNING,WordPress.DB.DirectDatabaseQuery.NoCaching,"Direct database call without caching detected. Consider using wp_cache_get() / wp_cache_set() or wp_cache_delete().",,5,
includes/class-plugin-manager.php,315,13,WARNING,WordPress.DB.DirectDatabaseQuery.DirectQuery,"Use of a direct database call is discouraged.",,5,
includes/class-plugin-manager.php,315,13,WARNING,WordPress.DB.DirectDatabaseQuery.NoCaching,"Direct database call without caching detected. Consider using wp_cache_get() / wp_cache_set() or wp_cache_delete().",,5,
includes/class-plugin-manager.php,425,16,WARNING,WordPress.DB.DirectDatabaseQuery.DirectQuery,"Use of a direct database call is discouraged.",,5,
includes/class-plugin-manager.php,425,16,WARNING,WordPress.DB.DirectDatabaseQuery.NoCaching,"Direct database call without caching detected. Consider using wp_cache_get() / wp_cache_set() or wp_cache_delete().",,5,
includes/class-plugin-manager.php,425,23,WARNING,PluginCheck.Security.DirectDB.UnescapedDBParameter,"Unescaped parameter $table used in $wpdb-&gt;get_results(&quot;SELECT * FROM $table ORDER BY name ASC&quot;)\n$table assigned unsafely at line 423:\n $table = $wpdb-&gt;prefix . &#039;imagina_updater_plugins&#039;",,5,
includes/class-plugin-manager.php,425,35,WARNING,WordPress.DB.PreparedSQL.InterpolatedNotPrepared,"Use placeholders and $wpdb-&gt;prepare(); found interpolated variable $table at &quot;SELECT * FROM $table ORDER BY name ASC&quot;",,5,
includes/class-plugin-manager.php,441,16,WARNING,WordPress.DB.DirectDatabaseQuery.DirectQuery,"Use of a direct database call is discouraged.",,5,
includes/class-plugin-manager.php,441,16,WARNING,WordPress.DB.DirectDatabaseQuery.NoCaching,"Direct database call without caching detected. Consider using wp_cache_get() / wp_cache_set() or wp_cache_delete().",,5,
includes/class-plugin-manager.php,441,23,WARNING,PluginCheck.Security.DirectDB.UnescapedDBParameter,"Unescaped parameter $table used in $wpdb-&gt;get_row($wpdb-&gt;prepare(\n            &quot;SELECT * FROM $table WHERE slug_override = %s OR (slug_override IS NULL AND slug = %s) LIMIT 1&quot;,\n            $slug,\n            $slug\n        ))\n$table assigned unsafely at line 438:\n $table = $wpdb-&gt;prefix . &#039;imagina_updater_plugins&#039;\n$slug used without escaping.",,5,
includes/class-plugin-manager.php,442,13,WARNING,WordPress.DB.PreparedSQL.InterpolatedNotPrepared,"Use placeholders and $wpdb-&gt;prepare(); found interpolated variable $table at &quot;SELECT * FROM $table WHERE slug_override = %s OR (slug_override IS NULL AND slug = %s) LIMIT 1&quot;",,5,
includes/class-plugin-manager.php,462,19,WARNING,WordPress.DB.DirectDatabaseQuery.DirectQuery,"Use of a direct database call is discouraged.",,5,
includes/class-plugin-manager.php,462,19,WARNING,WordPress.DB.DirectDatabaseQuery.NoCaching,"Direct database call without caching detected. Consider using wp_cache_get() / wp_cache_set() or wp_cache_delete().",,5,
includes/class-plugin-manager.php,462,26,WARNING,PluginCheck.Security.DirectDB.UnescapedDBParameter,"Unescaped parameter $table_plugins used in $wpdb-&gt;get_row($wpdb-&gt;prepare(\n            &quot;SELECT * FROM $table_plugins WHERE id = %d&quot;,\n            $plugin_id\n        ))\n$table_plugins assigned unsafely at line 459:\n $table_plugins = $wpdb-&gt;prefix . &#039;imagina_updater_plugins&#039;\n$plugin assigned unsafely at line 462:\n $plugin = $wpdb-&gt;get_row($wpdb-&gt;prepare(\n            &quot;SELECT * FROM $table_plugins WHERE id = %d&quot;,\n            $plugin_id\n        ))\n$plugin_id used without escaping.",,5,
includes/class-plugin-manager.php,463,13,WARNING,WordPress.DB.PreparedSQL.InterpolatedNotPrepared,"Use placeholders and $wpdb-&gt;prepare(); found interpolated variable $table_plugins at &quot;SELECT * FROM $table_plugins WHERE id = %d&quot;",,5,
includes/class-plugin-manager.php,468,13,WARNING,WordPress.PHP.DevelopmentFunctions.error_log_error_log,"error_log() found. Debug code should not normally be used in production.",,5,
includes/class-plugin-manager.php,483,17,WARNING,WordPress.PHP.DevelopmentFunctions.error_log_error_log,"error_log() found. Debug code should not normally be used in production.",,5,
includes/class-plugin-manager.php,488,23,WARNING,WordPress.DB.DirectDatabaseQuery.DirectQuery,"Use of a direct database call is discouraged.",,5,
includes/class-plugin-manager.php,488,23,WARNING,WordPress.DB.DirectDatabaseQuery.NoCaching,"Direct database call without caching detected. Consider using wp_cache_get() / wp_cache_set() or wp_cache_delete().",,5,
includes/class-plugin-manager.php,488,30,WARNING,PluginCheck.Security.DirectDB.UnescapedDBParameter,"Unescaped parameter $table_plugins used in $wpdb-&gt;get_var($wpdb-&gt;prepare(\n                &quot;SELECT COUNT(*) FROM $table_plugins\n                WHERE id != %d AND (slug = %s OR slug_override = %s)&quot;,\n                $plugin_id,\n                $new_slug,\n                $new_slug\n            ))\n$table_plugins assigned unsafely at line 459:\n $table_plugins = $wpdb-&gt;prefix . &#039;imagina_updater_plugins&#039;\n$plugin assigned unsafely at line 462:\n $plugin = $wpdb-&gt;get_row($wpdb-&gt;prepare(\n            &quot;SELECT * FROM $table_plugins WHERE id = %d&quot;,\n            $plugin_id\n        ))\n$plugin_id used without escaping.",,5,
includes/class-plugin-manager.php,489,17,WARNING,WordPress.DB.PreparedSQL.InterpolatedNotPrepared,"Use placeholders and $wpdb-&gt;prepare(); found interpolated variable $table_plugins at &quot;SELECT COUNT(*) FROM $table_plugins\n",,5,
includes/class-plugin-manager.php,497,17,WARNING,WordPress.PHP.DevelopmentFunctions.error_log_error_log,"error_log() found. Debug code should not normally be used in production.",,5,
includes/class-plugin-manager.php,505,9,WARNING,WordPress.PHP.DevelopmentFunctions.error_log_error_log,"error_log() found. Debug code should not normally be used in production.",,5,
includes/class-plugin-manager.php,505,78,WARNING,WordPress.PHP.DevelopmentFunctions.error_log_var_export,"var_export() found. Debug code should not normally be used in production.",,5,
includes/class-plugin-manager.php,508,19,WARNING,WordPress.DB.DirectDatabaseQuery.DirectQuery,"Use of a direct database call is discouraged.",,5,
includes/class-plugin-manager.php,508,19,WARNING,WordPress.DB.DirectDatabaseQuery.NoCaching,"Direct database call without caching detected. Consider using wp_cache_get() / wp_cache_set() or wp_cache_delete().",,5,
includes/class-plugin-manager.php,517,13,WARNING,WordPress.PHP.DevelopmentFunctions.error_log_error_log,"error_log() found. Debug code should not normally be used in production.",,5,
includes/class-plugin-manager.php,521,9,WARNING,WordPress.PHP.DevelopmentFunctions.error_log_error_log,"error_log() found. Debug code should not normally be used in production.",,5,
includes/class-plugin-manager.php,537,16,WARNING,WordPress.DB.DirectDatabaseQuery.DirectQuery,"Use of a direct database call is discouraged.",,5,
includes/class-plugin-manager.php,537,16,WARNING,WordPress.DB.DirectDatabaseQuery.NoCaching,"Direct database call without caching detected. Consider using wp_cache_get() / wp_cache_set() or wp_cache_delete().",,5,
includes/class-plugin-manager.php,537,23,WARNING,PluginCheck.Security.DirectDB.UnescapedDBParameter,"Unescaped parameter $table used in $wpdb-&gt;get_results($wpdb-&gt;prepare(\n            &quot;SELECT * FROM $table WHERE plugin_id = %d ORDER BY uploaded_at DESC&quot;,\n            $plugin_id\n        ))\n$table assigned unsafely at line 535:\n $table = $wpdb-&gt;prefix . &#039;imagina_updater_versions&#039;\n$plugin_id used without escaping.",,5,
includes/class-plugin-manager.php,538,13,WARNING,WordPress.DB.PreparedSQL.InterpolatedNotPrepared,"Use placeholders and $wpdb-&gt;prepare(); found interpolated variable $table at &quot;SELECT * FROM $table WHERE plugin_id = %d ORDER BY uploaded_at DESC&quot;",,5,
includes/class-plugin-manager.php,556,19,WARNING,WordPress.DB.DirectDatabaseQuery.DirectQuery,"Use of a direct database call is discouraged.",,5,
includes/class-plugin-manager.php,556,19,WARNING,WordPress.DB.DirectDatabaseQuery.NoCaching,"Direct database call without caching detected. Consider using wp_cache_get() / wp_cache_set() or wp_cache_delete().",,5,
includes/class-plugin-manager.php,556,26,WARNING,PluginCheck.Security.DirectDB.UnescapedDBParameter,"Unescaped parameter $table_plugins used in $wpdb-&gt;get_row($wpdb-&gt;prepare(\n            &quot;SELECT * FROM $table_plugins WHERE id = %d&quot;,\n            $plugin_id\n        ))\n$table_plugins assigned unsafely at line 552:\n $table_plugins = $wpdb-&gt;prefix . &#039;imagina_updater_plugins&#039;\n$table_versions assigned unsafely at line 553:\n $table_versions = $wpdb-&gt;prefix . &#039;imagina_updater_versions&#039;\n$plugin assigned unsafely at line 556:\n $plugin = $wpdb-&gt;get_row($wpdb-&gt;prepare(\n            &quot;SELECT * FROM $table_plugins WHERE id = %d&quot;,\n            $plugin_id\n        ))\n$plugin_id used without escaping.",,5,
includes/class-plugin-manager.php,557,13,WARNING,WordPress.DB.PreparedSQL.InterpolatedNotPrepared,"Use placeholders and $wpdb-&gt;prepare(); found interpolated variable $table_plugins at &quot;SELECT * FROM $table_plugins WHERE id = %d&quot;",,5,
includes/class-plugin-manager.php,579,9,WARNING,WordPress.DB.DirectDatabaseQuery.DirectQuery,"Use of a direct database call is discouraged.",,5,
includes/class-plugin-manager.php,579,9,WARNING,WordPress.DB.DirectDatabaseQuery.NoCaching,"Direct database call without caching detected. Consider using wp_cache_get() / wp_cache_set() or wp_cache_delete().",,5,
includes/class-plugin-manager.php,580,9,WARNING,WordPress.DB.DirectDatabaseQuery.DirectQuery,"Use of a direct database call is discouraged.",,5,
includes/class-plugin-manager.php,580,9,WARNING,WordPress.DB.DirectDatabaseQuery.NoCaching,"Direct database call without caching detected. Consider using wp_cache_get() / wp_cache_set() or wp_cache_delete().",,5,
includes/class-plugin-manager.php,597,9,WARNING,WordPress.DB.DirectDatabaseQuery.DirectQuery,"Use of a direct database call is discouraged.",,5,
includes/class-plugin-manager.php,604,77,WARNING,WordPress.Security.ValidatedSanitizedInput.MissingUnslash,"$_SERVER[&#039;HTTP_USER_AGENT&#039;] not unslashed before sanitization. Use wp_unslash() or similar",,5,
includes/class-plugin-manager.php,604,77,WARNING,WordPress.Security.ValidatedSanitizedInput.InputNotSanitized,"Detected usage of a non-sanitized input variable: $_SERVER[&#039;HTTP_USER_AGENT&#039;]",,5,
includes/class-plugin-manager.php,618,19,WARNING,WordPress.Security.ValidatedSanitizedInput.MissingUnslash,"$_SERVER[&#039;HTTP_X_FORWARDED_FOR&#039;] not unslashed before sanitization. Use wp_unslash() or similar",,5,
includes/class-plugin-manager.php,618,19,WARNING,WordPress.Security.ValidatedSanitizedInput.InputNotSanitized,"Detected usage of a non-sanitized input variable: $_SERVER[&#039;HTTP_X_FORWARDED_FOR&#039;]",,5,
includes/class-plugin-manager.php,620,19,WARNING,WordPress.Security.ValidatedSanitizedInput.MissingUnslash,"$_SERVER[&#039;HTTP_CLIENT_IP&#039;] not unslashed before sanitization. Use wp_unslash() or similar",,5,
includes/class-plugin-manager.php,620,19,WARNING,WordPress.Security.ValidatedSanitizedInput.InputNotSanitized,"Detected usage of a non-sanitized input variable: $_SERVER[&#039;HTTP_CLIENT_IP&#039;]",,5,
includes/class-plugin-manager.php,622,19,WARNING,WordPress.Security.ValidatedSanitizedInput.MissingUnslash,"$_SERVER[&#039;REMOTE_ADDR&#039;] not unslashed before sanitization. Use wp_unslash() or similar",,5,
includes/class-plugin-manager.php,622,19,WARNING,WordPress.Security.ValidatedSanitizedInput.InputNotSanitized,"Detected usage of a non-sanitized input variable: $_SERVER[&#039;REMOTE_ADDR&#039;]",,5,
includes/class-api-keys.php,62,19,WARNING,WordPress.DB.DirectDatabaseQuery.DirectQuery,"Use of a direct database call is discouraged.",,5,
includes/class-api-keys.php,105,21,WARNING,WordPress.DB.DirectDatabaseQuery.DirectQuery,"Use of a direct database call is discouraged.",,5,
includes/class-api-keys.php,105,21,WARNING,WordPress.DB.DirectDatabaseQuery.NoCaching,"Direct database call without caching detected. Consider using wp_cache_get() / wp_cache_set() or wp_cache_delete().",,5,
includes/class-api-keys.php,105,28,WARNING,PluginCheck.Security.DirectDB.UnescapedDBParameter,"Unescaped parameter $table used in $wpdb-&gt;get_row($wpdb-&gt;prepare(\n            &quot;SELECT * FROM $table WHERE api_key = %s AND is_active = 1&quot;,\n            $api_key\n        ))\n$table assigned unsafely at line 103:\n $table = $wpdb-&gt;prefix . &#039;imagina_updater_api_keys&#039;\n$key_data assigned unsafely at line 105:\n $key_data = $wpdb-&gt;get_row($wpdb-&gt;prepare(\n            &quot;SELECT * FROM $table WHERE api_key = %s AND is_active = 1&quot;,\n            $api_key\n        ))\n$api_key used without escaping.",,5,
includes/class-api-keys.php,106,13,WARNING,WordPress.DB.PreparedSQL.InterpolatedNotPrepared,"Use placeholders and $wpdb-&gt;prepare(); found interpolated variable $table at &quot;SELECT * FROM $table WHERE api_key = %s AND is_active = 1&quot;",,5,
includes/class-api-keys.php,115,9,WARNING,WordPress.DB.DirectDatabaseQuery.DirectQuery,"Use of a direct database call is discouraged.",,5,
includes/class-api-keys.php,115,9,WARNING,WordPress.DB.DirectDatabaseQuery.NoCaching,"Direct database call without caching detected. Consider using wp_cache_get() / wp_cache_set() or wp_cache_delete().",,5,
includes/class-api-keys.php,141,16,WARNING,WordPress.DB.DirectDatabaseQuery.DirectQuery,"Use of a direct database call is discouraged.",,5,
includes/class-api-keys.php,141,16,WARNING,WordPress.DB.DirectDatabaseQuery.NoCaching,"Direct database call without caching detected. Consider using wp_cache_get() / wp_cache_set() or wp_cache_delete().",,5,
includes/class-api-keys.php,141,23,WARNING,PluginCheck.Security.DirectDB.UnescapedDBParameter,"Unescaped parameter $table used in $wpdb-&gt;get_row($wpdb-&gt;prepare(\n            &quot;SELECT * FROM $table WHERE api_key = %s&quot;,\n            $api_key\n        ))\n$table assigned unsafely at line 139:\n $table = $wpdb-&gt;prefix . &#039;imagina_updater_api_keys&#039;\n$api_key used without escaping.",,5,
includes/class-api-keys.php,142,13,WARNING,WordPress.DB.PreparedSQL.InterpolatedNotPrepared,"Use placeholders and $wpdb-&gt;prepare(); found interpolated variable $table at &quot;SELECT * FROM $table WHERE api_key = %s&quot;",,5,
includes/class-api-keys.php,157,16,WARNING,WordPress.DB.DirectDatabaseQuery.DirectQuery,"Use of a direct database call is discouraged.",,5,
includes/class-api-keys.php,157,16,WARNING,WordPress.DB.DirectDatabaseQuery.NoCaching,"Direct database call without caching detected. Consider using wp_cache_get() / wp_cache_set() or wp_cache_delete().",,5,
includes/class-api-keys.php,157,23,WARNING,PluginCheck.Security.DirectDB.UnescapedDBParameter,"Unescaped parameter $table used in $wpdb-&gt;get_results(&quot;SELECT * FROM $table ORDER BY created_at DESC&quot;)\n$table assigned unsafely at line 155:\n $table = $wpdb-&gt;prefix . &#039;imagina_updater_api_keys&#039;",,5,
includes/class-api-keys.php,157,35,WARNING,WordPress.DB.PreparedSQL.InterpolatedNotPrepared,"Use placeholders and $wpdb-&gt;prepare(); found interpolated variable $table at &quot;SELECT * FROM $table ORDER BY created_at DESC&quot;",,5,
includes/class-api-keys.php,171,16,WARNING,WordPress.DB.DirectDatabaseQuery.DirectQuery,"Use of a direct database call is discouraged.",,5,
includes/class-api-keys.php,171,16,WARNING,WordPress.DB.DirectDatabaseQuery.NoCaching,"Direct database call without caching detected. Consider using wp_cache_get() / wp_cache_set() or wp_cache_delete().",,5,
includes/class-api-keys.php,171,23,WARNING,PluginCheck.Security.DirectDB.UnescapedDBParameter,"Unescaped parameter $table used in $wpdb-&gt;get_row($wpdb-&gt;prepare(\n            &quot;SELECT * FROM $table WHERE id = %d&quot;,\n            $id\n        ))\n$table assigned unsafely at line 169:\n $table = $wpdb-&gt;prefix . &#039;imagina_updater_api_keys&#039;\n$id used without escaping.",,5,
includes/class-api-keys.php,172,13,WARNING,WordPress.DB.PreparedSQL.InterpolatedNotPrepared,"Use placeholders and $wpdb-&gt;prepare(); found interpolated variable $table at &quot;SELECT * FROM $table WHERE id = %d&quot;",,5,
includes/class-api-keys.php,189,19,WARNING,WordPress.DB.DirectDatabaseQuery.DirectQuery,"Use of a direct database call is discouraged.",,5,
includes/class-api-keys.php,189,19,WARNING,WordPress.DB.DirectDatabaseQuery.NoCaching,"Direct database call without caching detected. Consider using wp_cache_get() / wp_cache_set() or wp_cache_delete().",,5,
includes/class-api-keys.php,237,19,WARNING,WordPress.DB.DirectDatabaseQuery.DirectQuery,"Use of a direct database call is discouraged.",,5,
includes/class-api-keys.php,237,19,WARNING,WordPress.DB.DirectDatabaseQuery.NoCaching,"Direct database call without caching detected. Consider using wp_cache_get() / wp_cache_set() or wp_cache_delete().",,5,
includes/class-api-keys.php,276,19,WARNING,WordPress.DB.DirectDatabaseQuery.DirectQuery,"Use of a direct database call is discouraged.",,5,
includes/class-api-keys.php,276,19,WARNING,WordPress.DB.DirectDatabaseQuery.NoCaching,"Direct database call without caching detected. Consider using wp_cache_get() / wp_cache_set() or wp_cache_delete().",,5,
includes/class-api-keys.php,324,19,WARNING,WordPress.DB.DirectDatabaseQuery.DirectQuery,"Use of a direct database call is discouraged.",,5,
includes/class-api-keys.php,324,19,WARNING,WordPress.DB.DirectDatabaseQuery.NoCaching,"Direct database call without caching detected. Consider using wp_cache_get() / wp_cache_set() or wp_cache_delete().",,5,
includes/class-api-keys.php,353,19,WARNING,WordPress.DB.DirectDatabaseQuery.DirectQuery,"Use of a direct database call is discouraged.",,5,
includes/class-api-keys.php,353,19,WARNING,WordPress.DB.DirectDatabaseQuery.NoCaching,"Direct database call without caching detected. Consider using wp_cache_get() / wp_cache_set() or wp_cache_delete().",,5,
includes/class-api-keys.php,373,18,WARNING,WordPress.DB.DirectDatabaseQuery.DirectQuery,"Use of a direct database call is discouraged.",,5,
includes/class-api-keys.php,373,18,WARNING,WordPress.DB.DirectDatabaseQuery.NoCaching,"Direct database call without caching detected. Consider using wp_cache_get() / wp_cache_set() or wp_cache_delete().",,5,
includes/class-api-keys.php,373,25,WARNING,PluginCheck.Security.DirectDB.UnescapedDBParameter,"Unescaped parameter $table_downloads used in $wpdb-&gt;get_var($wpdb-&gt;prepare(\n            &quot;SELECT COUNT(*) FROM $table_downloads WHERE api_key_id = %d&quot;,\n            $api_key_id\n        ))\n$table_downloads assigned unsafely at line 371:\n $table_downloads = $wpdb-&gt;prefix . &#039;imagina_updater_downloads&#039;\n$total assigned unsafely at line 373:\n $total = $wpdb-&gt;get_var($wpdb-&gt;prepare(\n            &quot;SELECT COUNT(*) FROM $table_downloads WHERE api_key_id = %d&quot;,\n            $api_key_id\n        ))\n$api_key_id used without escaping.",,5,
includes/class-api-keys.php,374,13,WARNING,WordPress.DB.PreparedSQL.InterpolatedNotPrepared,"Use placeholders and $wpdb-&gt;prepare(); found interpolated variable $table_downloads at &quot;SELECT COUNT(*) FROM $table_downloads WHERE api_key_id = %d&quot;",,5,
includes/class-api-keys.php,378,25,WARNING,WordPress.DB.DirectDatabaseQuery.DirectQuery,"Use of a direct database call is discouraged.",,5,
includes/class-api-keys.php,378,25,WARNING,WordPress.DB.DirectDatabaseQuery.NoCaching,"Direct database call without caching detected. Consider using wp_cache_get() / wp_cache_set() or wp_cache_delete().",,5,
includes/class-api-keys.php,378,32,WARNING,PluginCheck.Security.DirectDB.UnescapedDBParameter,"Unescaped parameter $table_downloads used in $wpdb-&gt;get_var($wpdb-&gt;prepare(\n            &quot;SELECT COUNT(*) FROM $table_downloads\n            WHERE api_key_id = %d AND downloaded_at &gt;= DATE_SUB(NOW(), INTERVAL 30 DAY)&quot;,\n            $api_key_id\n        ))\n$table_downloads assigned unsafely at line 371:\n $table_downloads = $wpdb-&gt;prefix . &#039;imagina_updater_downloads&#039;\n$total assigned unsafely at line 373:\n $total = $wpdb-&gt;get_var($wpdb-&gt;prepare(\n            &quot;SELECT COUNT(*) FROM $table_downloads WHERE api_key_id = %d&quot;,\n            $api_key_id\n        ))\n$api_key_id used without escaping.",,5,
includes/class-api-keys.php,379,13,WARNING,WordPress.DB.PreparedSQL.InterpolatedNotPrepared,"Use placeholders and $wpdb-&gt;prepare(); found interpolated variable $table_downloads at &quot;SELECT COUNT(*) FROM $table_downloads\n",,5,
api/class-rest-api.php,47,19,WARNING,WordPress.Security.ValidatedSanitizedInput.MissingUnslash,"$_SERVER[&#039;HTTP_CF_CONNECTING_IP&#039;] not unslashed before sanitization. Use wp_unslash() or similar",,5,
api/class-rest-api.php,47,19,WARNING,WordPress.Security.ValidatedSanitizedInput.InputNotSanitized,"Detected usage of a non-sanitized input variable: $_SERVER[&#039;HTTP_CF_CONNECTING_IP&#039;]",,5,
api/class-rest-api.php,50,32,WARNING,WordPress.Security.ValidatedSanitizedInput.MissingUnslash,"$_SERVER[&#039;HTTP_X_FORWARDED_FOR&#039;] not unslashed before sanitization. Use wp_unslash() or similar",,5,
api/class-rest-api.php,50,32,WARNING,WordPress.Security.ValidatedSanitizedInput.InputNotSanitized,"Detected usage of a non-sanitized input variable: $_SERVER[&#039;HTTP_X_FORWARDED_FOR&#039;]",,5,
api/class-rest-api.php,53,19,WARNING,WordPress.Security.ValidatedSanitizedInput.MissingUnslash,"$_SERVER[&#039;HTTP_X_REAL_IP&#039;] not unslashed before sanitization. Use wp_unslash() or similar",,5,
api/class-rest-api.php,53,19,WARNING,WordPress.Security.ValidatedSanitizedInput.InputNotSanitized,"Detected usage of a non-sanitized input variable: $_SERVER[&#039;HTTP_X_REAL_IP&#039;]",,5,
api/class-rest-api.php,55,19,WARNING,WordPress.Security.ValidatedSanitizedInput.MissingUnslash,"$_SERVER[&#039;REMOTE_ADDR&#039;] not unslashed before sanitization. Use wp_unslash() or similar",,5,
api/class-rest-api.php,55,19,WARNING,WordPress.Security.ValidatedSanitizedInput.InputNotSanitized,"Detected usage of a non-sanitized input variable: $_SERVER[&#039;REMOTE_ADDR&#039;]",,5,
api/class-rest-api.php,73,84,WARNING,WordPress.Security.ValidatedSanitizedInput.MissingUnslash,"$_SERVER[&#039;HTTP_X_SITE_DOMAIN&#039;] not unslashed before sanitization. Use wp_unslash() or similar",,5,
api/class-rest-api.php,196,13,WARNING,WordPress.DB.DirectDatabaseQuery.DirectQuery,"Use of a direct database call is discouraged.",,5,
api/class-rest-api.php,196,13,WARNING,WordPress.DB.DirectDatabaseQuery.NoCaching,"Direct database call without caching detected. Consider using wp_cache_get() / wp_cache_set() or wp_cache_delete().",,5,
api/class-rest-api.php,197,13,WARNING,WordPress.DB.DirectDatabaseQuery.DirectQuery,"Use of a direct database call is discouraged.",,5,
api/class-rest-api.php,197,13,WARNING,WordPress.DB.DirectDatabaseQuery.NoCaching,"Direct database call without caching detected. Consider using wp_cache_get() / wp_cache_set() or wp_cache_delete().",,5,
api/class-rest-api.php,755,13,WARNING,WordPress.PHP.DevelopmentFunctions.error_log_error_log,"error_log() found. Debug code should not normally be used in production.",,5,
admin/views/plugins.php,67,63,WARNING,WordPress.NamingConventions.PrefixAllGlobals.NonPrefixedVariableFound,"Global variables defined by a theme/plugin should start with the theme/plugin prefix. Found: &quot;$group&quot;.",,6,
admin/views/plugins.php,117,13,WARNING,WordPress.NamingConventions.PrefixAllGlobals.NonPrefixedVariableFound,"Global variables defined by a theme/plugin should start with the theme/plugin prefix. Found: &quot;$has_license_extension&quot;.",,6,
admin/views/plugins.php,117,38,WARNING,WordPress.DB.DirectDatabaseQuery.DirectQuery,"Use of a direct database call is discouraged.",,5,
admin/views/plugins.php,117,38,WARNING,WordPress.DB.DirectDatabaseQuery.NoCaching,"Direct database call without caching detected. Consider using wp_cache_get() / wp_cache_set() or wp_cache_delete().",,5,
admin/views/plugins.php,165,21,WARNING,WordPress.NamingConventions.PrefixAllGlobals.NonPrefixedVariableFound,"Global variables defined by a theme/plugin should start with the theme/plugin prefix. Found: &quot;$effective_slug&quot;.",,6,
admin/views/plugins.php,166,21,WARNING,WordPress.NamingConventions.PrefixAllGlobals.NonPrefixedVariableFound,"Global variables defined by a theme/plugin should start with the theme/plugin prefix. Found: &quot;$is_custom_slug&quot;.",,6,
admin/views/plugins.php,167,21,WARNING,WordPress.NamingConventions.PrefixAllGlobals.NonPrefixedVariableFound,"Global variables defined by a theme/plugin should start with the theme/plugin prefix. Found: &quot;$is_premium&quot;.",,6,
admin/views/plugins.php,203,29,WARNING,WordPress.NamingConventions.PrefixAllGlobals.NonPrefixedVariableFound,"Global variables defined by a theme/plugin should start with the theme/plugin prefix. Found: &quot;$groups&quot;.",,6,
admin/views/plugins.php,205,53,WARNING,WordPress.NamingConventions.PrefixAllGlobals.NonPrefixedVariableFound,"Global variables defined by a theme/plugin should start with the theme/plugin prefix. Found: &quot;$group&quot;.",,6,
admin/views/logs.php,57,41,WARNING,WordPress.NamingConventions.PrefixAllGlobals.NonPrefixedVariableFound,"Global variables defined by a theme/plugin should start with the theme/plugin prefix. Found: &quot;$log_line&quot;.",,6,
admin/views/logs.php,60,21,WARNING,WordPress.NamingConventions.PrefixAllGlobals.NonPrefixedVariableFound,"Global variables defined by a theme/plugin should start with the theme/plugin prefix. Found: &quot;$color&quot;.",,6,
admin/views/logs.php,62,25,WARNING,WordPress.NamingConventions.PrefixAllGlobals.NonPrefixedVariableFound,"Global variables defined by a theme/plugin should start with the theme/plugin prefix. Found: &quot;$color&quot;.",,6,
admin/views/logs.php,64,25,WARNING,WordPress.NamingConventions.PrefixAllGlobals.NonPrefixedVariableFound,"Global variables defined by a theme/plugin should start with the theme/plugin prefix. Found: &quot;$color&quot;.",,6,
admin/views/logs.php,66,25,WARNING,WordPress.NamingConventions.PrefixAllGlobals.NonPrefixedVariableFound,"Global variables defined by a theme/plugin should start with the theme/plugin prefix. Found: &quot;$color&quot;.",,6,
admin/views/logs.php,68,25,WARNING,WordPress.NamingConventions.PrefixAllGlobals.NonPrefixedVariableFound,"Global variables defined by a theme/plugin should start with the theme/plugin prefix. Found: &quot;$color&quot;.",,6,
admin/views/activations.php,35,61,WARNING,WordPress.NamingConventions.PrefixAllGlobals.NonPrefixedVariableFound,"Global variables defined by a theme/plugin should start with the theme/plugin prefix. Found: &quot;$key&quot;.",,6,
admin/views/activations.php,81,56,WARNING,WordPress.NamingConventions.PrefixAllGlobals.NonPrefixedVariableFound,"Global variables defined by a theme/plugin should start with the theme/plugin prefix. Found: &quot;$activation&quot;.",,6,
admin/views/settings.php,135,29,WARNING,WordPress.NamingConventions.PrefixAllGlobals.NonPrefixedVariableFound,"Global variables defined by a theme/plugin should start with the theme/plugin prefix. Found: &quot;$upload_dir&quot;.",,6,
admin/views/api-keys.php,30,5,WARNING,WordPress.NamingConventions.PrefixAllGlobals.NonPrefixedVariableFound,"Global variables defined by a theme/plugin should start with the theme/plugin prefix. Found: &quot;$regenerated_api_key&quot;.",,6,
admin/views/api-keys.php,123,67,WARNING,WordPress.NamingConventions.PrefixAllGlobals.NonPrefixedVariableFound,"Global variables defined by a theme/plugin should start with the theme/plugin prefix. Found: &quot;$group&quot;.",,6,
admin/views/api-keys.php,124,47,WARNING,WordPress.NamingConventions.PrefixAllGlobals.NonPrefixedVariableFound,"Global variables defined by a theme/plugin should start with the theme/plugin prefix. Found: &quot;$count&quot;.",,6,
admin/views/api-keys.php,208,45,WARNING,WordPress.NamingConventions.PrefixAllGlobals.NonPrefixedVariableFound,"Global variables defined by a theme/plugin should start with the theme/plugin prefix. Found: &quot;$key&quot;.",,6,
admin/views/api-keys.php,210,21,WARNING,WordPress.NamingConventions.PrefixAllGlobals.NonPrefixedVariableFound,"Global variables defined by a theme/plugin should start with the theme/plugin prefix. Found: &quot;$stats&quot;.",,6,
admin/views/api-keys.php,213,21,WARNING,WordPress.NamingConventions.PrefixAllGlobals.NonPrefixedVariableFound,"Global variables defined by a theme/plugin should start with the theme/plugin prefix. Found: &quot;$active_count&quot;.",,6,
admin/views/api-keys.php,214,21,WARNING,WordPress.NamingConventions.PrefixAllGlobals.NonPrefixedVariableFound,"Global variables defined by a theme/plugin should start with the theme/plugin prefix. Found: &quot;$max_activations&quot;.",,6,
admin/views/api-keys.php,217,21,WARNING,WordPress.NamingConventions.PrefixAllGlobals.NonPrefixedVariableFound,"Global variables defined by a theme/plugin should start with the theme/plugin prefix. Found: &quot;$access_type&quot;.",,6,
admin/views/api-keys.php,218,21,WARNING,WordPress.NamingConventions.PrefixAllGlobals.NonPrefixedVariableFound,"Global variables defined by a theme/plugin should start with the theme/plugin prefix. Found: &quot;$permission_text&quot;.",,6,
admin/views/api-keys.php,219,21,WARNING,WordPress.NamingConventions.PrefixAllGlobals.NonPrefixedVariableFound,"Global variables defined by a theme/plugin should start with the theme/plugin prefix. Found: &quot;$permission_detail&quot;.",,6,
admin/views/api-keys.php,222,25,WARNING,WordPress.NamingConventions.PrefixAllGlobals.NonPrefixedVariableFound,"Global variables defined by a theme/plugin should start with the theme/plugin prefix. Found: &quot;$permission_text&quot;.",,6,
admin/views/api-keys.php,223,25,WARNING,WordPress.NamingConventions.PrefixAllGlobals.NonPrefixedVariableFound,"Global variables defined by a theme/plugin should start with the theme/plugin prefix. Found: &quot;$permission_detail&quot;.",,6,
admin/views/api-keys.php,225,25,WARNING,WordPress.NamingConventions.PrefixAllGlobals.NonPrefixedVariableFound,"Global variables defined by a theme/plugin should start with the theme/plugin prefix. Found: &quot;$allowed_ids&quot;.",,6,
admin/views/api-keys.php,226,25,WARNING,WordPress.NamingConventions.PrefixAllGlobals.NonPrefixedVariableFound,"Global variables defined by a theme/plugin should start with the theme/plugin prefix. Found: &quot;$count&quot;.",,6,
admin/views/api-keys.php,228,25,WARNING,WordPress.NamingConventions.PrefixAllGlobals.NonPrefixedVariableFound,"Global variables defined by a theme/plugin should start with the theme/plugin prefix. Found: &quot;$permission_text&quot;.",,6,
admin/views/api-keys.php,229,25,WARNING,WordPress.NamingConventions.PrefixAllGlobals.NonPrefixedVariableFound,"Global variables defined by a theme/plugin should start with the theme/plugin prefix. Found: &quot;$permission_detail&quot;.",,6,
admin/views/api-keys.php,231,25,WARNING,WordPress.NamingConventions.PrefixAllGlobals.NonPrefixedVariableFound,"Global variables defined by a theme/plugin should start with the theme/plugin prefix. Found: &quot;$allowed_group_ids&quot;.",,6,
admin/views/api-keys.php,232,25,WARNING,WordPress.NamingConventions.PrefixAllGlobals.NonPrefixedVariableFound,"Global variables defined by a theme/plugin should start with the theme/plugin prefix. Found: &quot;$count&quot;.",,6,
admin/views/api-keys.php,234,25,WARNING,WordPress.NamingConventions.PrefixAllGlobals.NonPrefixedVariableFound,"Global variables defined by a theme/plugin should start with the theme/plugin prefix. Found: &quot;$permission_text&quot;.",,6,
admin/views/api-keys.php,235,25,WARNING,WordPress.NamingConventions.PrefixAllGlobals.NonPrefixedVariableFound,"Global variables defined by a theme/plugin should start with the theme/plugin prefix. Found: &quot;$permission_detail&quot;.",,6,
admin/views/api-keys.php,237,25,WARNING,WordPress.NamingConventions.PrefixAllGlobals.NonPrefixedVariableFound,"Global variables defined by a theme/plugin should start with the theme/plugin prefix. Found: &quot;$permission_text&quot;.",,6,
admin/views/api-keys.php,238,25,WARNING,WordPress.NamingConventions.PrefixAllGlobals.NonPrefixedVariableFound,"Global variables defined by a theme/plugin should start with the theme/plugin prefix. Found: &quot;$permission_detail&quot;.",,6,
admin/views/api-keys.php,328,53,WARNING,WordPress.NamingConventions.PrefixAllGlobals.NonPrefixedVariableFound,"Global variables defined by a theme/plugin should start with the theme/plugin prefix. Found: &quot;$current_allowed_plugins&quot;.",,6,
admin/views/api-keys.php,348,53,WARNING,WordPress.NamingConventions.PrefixAllGlobals.NonPrefixedVariableFound,"Global variables defined by a theme/plugin should start with the theme/plugin prefix. Found: &quot;$current_allowed_groups&quot;.",,6,
admin/views/api-keys.php,352,87,WARNING,WordPress.NamingConventions.PrefixAllGlobals.NonPrefixedVariableFound,"Global variables defined by a theme/plugin should start with the theme/plugin prefix. Found: &quot;$group&quot;.",,6,
admin/views/api-keys.php,353,67,WARNING,WordPress.NamingConventions.PrefixAllGlobals.NonPrefixedVariableFound,"Global variables defined by a theme/plugin should start with the theme/plugin prefix. Found: &quot;$count&quot;.",,6,
admin/views/plugin-groups.php,86,37,WARNING,WordPress.NamingConventions.PrefixAllGlobals.NonPrefixedVariableFound,"Global variables defined by a theme/plugin should start with the theme/plugin prefix. Found: &quot;$selected_ids&quot;.",,6,
admin/views/plugin-groups.php,88,41,WARNING,WordPress.NamingConventions.PrefixAllGlobals.NonPrefixedVariableFound,"Global variables defined by a theme/plugin should start with the theme/plugin prefix. Found: &quot;$is_selected&quot;.",,6,
admin/views/plugin-groups.php,148,47,WARNING,WordPress.NamingConventions.PrefixAllGlobals.NonPrefixedVariableFound,"Global variables defined by a theme/plugin should start with the theme/plugin prefix. Found: &quot;$group&quot;.",,6,
admin/views/plugin-groups.php,149,31,WARNING,WordPress.NamingConventions.PrefixAllGlobals.NonPrefixedVariableFound,"Global variables defined by a theme/plugin should start with the theme/plugin prefix. Found: &quot;$plugin_count&quot;.",,6,
